k,jl_eps,cluster_radius,lambda_eps,lambda_k,jl_dim,actual_clusters,lambda_min,lambda_max,lambda_mean,lambda_spread,graph_nnz,graph_sparsity
5,0.250,0.8,0.500,10,207,5,0.00000000,1.00000000,0.35610418,1.00000000,2364,0.996774
5,0.250,0.8,0.750,10,207,5,0.00000000,1.00000000,0.35357617,1.00000000,4114,0.994385
5,0.250,0.8,0.900,10,207,5,0.00000000,1.00000000,0.39250078,1.00000000,5178,0.992933
5,0.250,0.8,1.000,10,207,5,0.00000000,1.00000000,0.35515473,1.00000000,5936,0.991899
5,0.250,0.8,1.200,10,207,5,0.00000000,1.00000000,0.33823410,1.00000000,7502,0.989762
5,0.250,1.2,0.500,10,207,5,0.00000000,1.00000000,0.39815585,1.00000000,2440,0.996670
5,0.250,1.2,0.750,10,207,5,0.00000000,1.00000000,0.36985185,1.00000000,4122,0.994375
5,0.250,1.2,0.900,10,207,5,0.00000000,1.00000000,0.38716245,1.00000000,5176,0.992936
5,0.250,1.2,1.000,10,207,5,0.00000000,1.00000000,0.44095500,1.00000000,5872,0.991986
5,0.250,1.2,1.200,10,207,5,0.00000000,1.00000000,0.39307803,1.00000000,7484,0.989786
5,0.250,1.6,0.500,10,207,5,0.00000000,1.00000000,0.38264251,1.00000000,2440,0.996670
5,0.250,1.6,0.750,10,207,5,0.00000000,1.00000000,0.38997414,1.00000000,4000,0.994541
5,0.250,1.6,0.900,10,207,5,0.00000000,1.00000000,0.39517866,1.00000000,5220,0.992876
5,0.250,1.6,1.000,10,207,5,0.00000000,1.00000000,0.48193993,1.00000000,5952,0.991877
5,0.250,1.6,1.200,10,207,5,0.00000000,1.00000000,0.38379085,1.00000000,7464,0.989814
5,0.250,2.0,0.500,10,207,5,0.00000000,1.00000000,0.41195140,1.00000000,2466,0.996635
5,0.250,2.0,0.750,10,207,5,0.00000000,1.00000000,0.43998321,1.00000000,4136,0.994355
5,0.250,2.0,0.900,10,207,5,0.00000000,1.00000000,0.33680998,1.00000000,5268,0.992811
5,0.250,2.0,1.000,10,207,5,0.00000000,1.00000000,0.40494559,1.00000000,6062,0.991727
5,0.250,2.0,1.200,10,207,5,0.00000000,1.00000000,0.38082721,1.00000000,7494,0.989773
5,0.250,2.6,0.500,10,207,5,0.00000000,1.00000000,0.46192811,1.00000000,2448,0.996659
5,0.250,2.6,0.750,10,207,5,0.00000000,1.00000000,0.35431816,1.00000000,4108,0.994394
5,0.250,2.6,0.900,10,207,5,0.00000000,1.00000000,0.33636233,1.00000000,5206,0.992895
5,0.250,2.6,1.000,10,207,5,0.00000000,1.00000000,0.36562900,1.00000000,5938,0.991896
5,0.250,2.6,1.200,10,207,5,0.00000000,1.00000000,0.44340110,1.00000000,7414,0.989882
5,0.250,3.2,0.500,10,207,5,0.00000000,1.00000000,0.35530895,1.00000000,2438,0.996673
5,0.250,3.2,0.750,10,207,5,0.00000000,1.00000000,0.43879820,1.00000000,4072,0.994443
5,0.250,3.2,0.900,10,207,5,0.00000000,1.00000000,0.38778873,1.00000000,5148,0.992974
5,0.250,3.2,1.000,10,207,5,0.00000000,1.00000000,0.43873658,1.00000000,5950,0.991880
5,0.250,3.2,1.200,10,207,5,0.00000000,1.00000000,0.33858426,1.00000000,7454,0.989827
5,0.350,0.8,0.500,10,106,5,0.00000000,1.00000000,0.33955576,1.00000000,1297,0.993208
5,0.350,0.8,0.750,10,106,5,0.00000000,1.00000000,0.47546107,1.00000000,2101,0.988998
5,0.350,0.8,0.900,10,106,5,0.00000000,1.00000000,0.40488844,1.00000000,2647,0.986139
5,0.350,0.8,1.000,10,106,5,0.00000000,1.00000000,0.41146813,1.00000000,3133,0.983594
5,0.350,0.8,1.200,10,106,5,0.00000000,1.00000000,0.40024450,1.00000000,3855,0.979813
5,0.350,1.2,0.500,10,106,5,0.00000000,1.00000000,0.35618192,1.00000000,1283,0.993282
5,0.350,1.2,0.750,10,106,5,0.00000000,1.00000000,0.38800839,1.00000000,2075,0.989134
5,0.350,1.2,0.900,10,106,5,0.00000000,1.00000000,0.37019922,1.00000000,2581,0.986485
5,0.350,1.2,1.000,10,106,5,0.00000000,1.00000000,0.34032861,1.00000000,2975,0.984422
5,0.350,1.2,1.200,10,106,5,0.00000000,1.00000000,0.38009125,1.00000000,3821,0.979992
5,0.350,1.6,0.500,10,106,5,0.00000000,1.00000000,0.38258899,1.00000000,1329,0.993041
5,0.350,1.6,0.750,10,106,5,0.00000000,1.00000000,0.43952447,1.00000000,2161,0.988684
5,0.350,1.6,0.900,10,106,5,0.00000000,1.00000000,0.42431309,1.00000000,2661,0.986066
5,0.350,1.6,1.000,10,106,5,0.00000000,1.00000000,0.37766630,1.00000000,3023,0.984170
5,0.350,1.6,1.200,10,106,5,0.00000000,1.00000000,0.39650689,1.00000000,3791,0.980149
5,0.350,2.0,0.500,10,106,5,0.00000000,1.00000000,0.39463241,1.00000000,1295,0.993219
5,0.350,2.0,0.750,10,106,5,0.00000000,1.00000000,0.39245997,1.00000000,2031,0.989365
5,0.350,2.0,0.900,10,106,5,0.00000000,1.00000000,0.30989035,1.00000000,2651,0.986118
5,0.350,2.0,1.000,10,106,5,0.00000000,1.00000000,0.31268240,1.00000000,3049,0.984034
5,0.350,2.0,1.200,10,106,5,0.00000000,1.00000000,0.37176403,1.00000000,3793,0.980138
5,0.350,2.6,0.500,10,106,5,0.00000000,1.00000000,0.39747199,1.00000000,1253,0.993439
5,0.350,2.6,0.750,10,106,5,0.00000000,1.00000000,0.42874908,1.00000000,2023,0.989407
5,0.350,2.6,0.900,10,106,5,0.00000000,1.00000000,0.32189404,1.00000000,2619,0.986286
5,0.350,2.6,1.000,10,106,5,0.00000000,1.00000000,0.37724045,1.00000000,2981,0.984390
5,0.350,2.6,1.200,10,106,5,0.00000000,1.00000000,0.37482983,1.00000000,3799,0.980107
5,0.350,3.2,0.500,10,106,5,0.00000000,1.00000000,0.39293474,1.00000000,1267,0.993365
5,0.350,3.2,0.750,10,106,5,0.00000000,1.00000000,0.28885348,1.00000000,2097,0.989019
5,0.350,3.2,0.900,10,106,5,0.00000000,1.00000000,0.37484771,1.00000000,2641,0.986171
5,0.350,3.2,1.000,10,106,5,0.00000000,1.00000000,0.42491798,1.00000000,3017,0.984202
5,0.350,3.2,1.200,10,106,5,0.00000000,1.00000000,0.44669845,1.00000000,3823,0.979981
5,0.500,0.8,0.500,10,52,5,0.00000000,1.00000000,0.36837816,1.00000000,584,0.987248
5,0.500,0.8,0.750,10,52,5,0.00000000,1.00000000,0.36473907,1.00000000,1020,0.977727
5,0.500,0.8,0.900,10,52,5,0.00000000,1.00000000,0.28740382,1.00000000,1296,0.971701
5,0.500,0.8,1.000,10,52,5,0.00000000,1.00000000,0.30025521,1.00000000,1492,0.967421
5,0.500,0.8,1.200,10,52,5,0.00000000,1.00000000,0.36244077,1.00000000,1830,0.960040
5,0.500,1.2,0.500,10,52,5,0.00000000,1.00000000,0.38066905,1.00000000,602,0.986855
5,0.500,1.2,0.750,10,52,5,0.00000000,1.00000000,0.30860601,1.00000000,990,0.978382
5,0.500,1.2,0.900,10,52,5,0.00000000,1.00000000,0.36126325,1.00000000,1266,0.972356
5,0.500,1.2,1.000,10,52,5,0.00000000,1.00000000,0.33881695,1.00000000,1460,0.968119
5,0.500,1.2,1.200,10,52,5,0.00000000,1.00000000,0.36598453,1.00000000,1874,0.959079
5,0.500,1.6,0.500,10,52,5,0.00000000,1.00000000,0.37478019,1.00000000,646,0.985894
5,0.500,1.6,0.750,10,52,5,0.00000000,1.00000000,0.37800126,1.00000000,1028,0.977553
5,0.500,1.6,0.900,10,52,5,0.00000000,1.00000000,0.38538166,1.00000000,1294,0.971744
5,0.500,1.6,1.000,10,52,5,0.00000000,1.00000000,0.35588047,1.00000000,1504,0.967159
5,0.500,1.6,1.200,10,52,5,0.00000000,1.00000000,0.29806608,1.00000000,1790,0.960914
5,0.500,2.0,0.500,10,52,5,0.00000000,1.00000000,0.32460035,1.00000000,626,0.986331
5,0.500,2.0,0.750,10,52,5,0.00000000,1.00000000,0.35616395,1.00000000,1018,0.977771
5,0.500,2.0,0.900,10,52,5,0.00000000,1.00000000,0.24767610,1.00000000,1280,0.972050
5,0.500,2.0,1.000,10,52,5,0.00000000,1.00000000,0.33618152,1.00000000,1462,0.968076
5,0.500,2.0,1.200,10,52,5,0.00000000,1.00000000,0.30060986,1.00000000,1822,0.960215
5,0.500,2.6,0.500,10,52,5,0.00000000,1.00000000,0.33903990,1.00000000,606,0.986767
5,0.500,2.6,0.750,10,52,5,0.00000000,1.00000000,0.33455861,1.00000000,1000,0.978164
5,0.500,2.6,0.900,10,52,5,0.00000000,1.00000000,0.30154379,1.00000000,1374,0.969997
5,0.500,2.6,1.000,10,52,5,0.00000000,1.00000000,0.37886922,1.00000000,1576,0.965587
5,0.500,2.6,1.200,10,52,5,0.00000000,1.00000000,0.40159782,1.00000000,1848,0.959647
5,0.500,3.2,0.500,10,52,5,0.00000000,1.00000000,0.33528177,1.00000000,572,0.987510
5,0.500,3.2,0.750,10,52,5,0.00000000,1.00000000,0.34497697,1.00000000,1038,0.977334
5,0.500,3.2,0.900,10,52,5,0.00000000,1.00000000,0.37651309,1.00000000,1268,0.972312
5,0.500,3.2,1.000,10,52,5,0.00000000,1.00000000,0.40031069,1.00000000,1532,0.966547
5,0.500,3.2,1.200,10,52,5,0.00000000,1.00000000,0.41971076,1.00000000,1794,0.960826
5,0.700,0.8,0.500,10,32,5,0.00000000,1.00000000,0.24495117,1.00000000,298,0.975372
5,0.700,0.8,0.750,10,32,5,0.00000000,1.00000000,0.38891107,1.00000000,496,0.959008
5,0.700,0.8,0.900,10,32,5,0.00000000,1.00000000,0.34099203,1.00000000,670,0.944628
5,0.700,0.8,1.000,10,32,5,0.00000000,1.00000000,0.36380274,1.00000000,774,0.936033
5,0.700,0.8,1.200,10,32,5,0.00000000,1.00000000,0.35255376,1.00000000,920,0.923967
5,0.700,1.2,0.500,10,32,5,0.00000000,1.00000000,0.35354157,1.00000000,312,0.974215
5,0.700,1.2,0.750,10,32,5,0.00000000,1.00000000,0.23882780,1.00000000,498,0.958843
5,0.700,1.2,0.900,10,32,5,0.00000000,1.00000000,0.41209665,1.00000000,644,0.946777
5,0.700,1.2,1.000,10,32,5,0.00000000,1.00000000,0.34455227,1.00000000,720,0.940496
5,0.700,1.2,1.200,10,32,5,0.00000000,1.00000000,0.35254518,1.00000000,906,0.925124
5,0.700,1.6,0.500,10,32,5,0.00000000,1.00000000,0.29767121,1.00000000,320,0.973554
5,0.700,1.6,0.750,10,32,5,0.00000000,1.00000000,0.21303166,1.00000000,506,0.958182
5,0.700,1.6,0.900,10,32,5,0.00000000,1.00000000,0.33336531,1.00000000,664,0.945124
5,0.700,1.6,1.000,10,32,5,0.00000000,1.00000000,0.31618045,1.00000000,738,0.939008
5,0.700,1.6,1.200,10,32,5,0.00000000,1.00000000,0.44224392,1.00000000,922,0.923802
5,0.700,2.0,0.500,10,32,5,0.00000000,1.00000000,0.31044674,1.00000000,324,0.973223
5,0.700,2.0,0.750,10,32,5,0.00000000,1.00000000,0.25549362,1.00000000,554,0.954215
5,0.700,2.0,0.900,10,32,5,0.00000000,1.00000000,0.30446793,1.00000000,648,0.946446
5,0.700,2.0,1.000,10,32,5,0.00000000,1.00000000,0.30944074,1.00000000,708,0.941488
5,0.700,2.0,1.200,10,32,5,0.00000000,1.00000000,0.30949516,1.00000000,926,0.923471
5,0.700,2.6,0.500,10,32,5,0.00000000,1.00000000,0.22981244,1.00000000,296,0.975537
5,0.700,2.6,0.750,10,32,5,0.00000000,1.00000000,0.30541850,1.00000000,522,0.956860
5,0.700,2.6,0.900,10,32,5,0.00000000,1.00000000,0.33191667,1.00000000,626,0.948264
5,0.700,2.6,1.000,10,32,5,0.00000000,1.00000000,0.32389301,1.00000000,746,0.938347
5,0.700,2.6,1.200,10,32,5,0.00000000,1.00000000,0.39172922,1.00000000,932,0.922975
5,0.700,3.2,0.500,10,32,4,0.00000000,1.00000000,0.30352210,1.00000000,376,0.968926
5,0.700,3.2,0.750,10,32,5,0.00000000,1.00000000,0.30767555,1.00000000,496,0.959008
5,0.700,3.2,0.900,10,32,5,0.00000000,1.00000000,0.24941390,1.00000000,676,0.944132
5,0.700,3.2,1.000,10,32,5,0.00000000,1.00000000,0.27168773,1.00000000,750,0.938017
5,0.700,3.2,1.200,10,32,5,0.00000000,1.00000000,0.30035689,1.00000000,916,0.924298
10,0.250,0.8,0.500,10,295,10,0.00000000,1.00000000,0.32132989,1.00000000,1412,0.998073
10,0.250,0.8,0.750,10,295,10,0.00000000,1.00000000,0.33409597,1.00000000,3102,0.995767
10,0.250,0.8,0.900,10,295,10,0.00000000,1.00000000,0.37834846,1.00000000,4780,0.993477
10,0.250,0.8,1.000,10,295,10,0.00000000,1.00000000,0.41131601,1.00000000,5912,0.991932
10,0.250,0.8,1.200,10,295,10,0.00000000,1.00000000,0.43860700,1.00000000,8214,0.988790
10,0.250,1.2,0.500,10,295,10,0.00000000,1.00000000,0.34514901,1.00000000,1500,0.997953
10,0.250,1.2,0.750,10,295,10,0.00000000,1.00000000,0.39326287,1.00000000,3272,0.995535
10,0.250,1.2,0.900,10,295,10,0.00000000,1.00000000,0.44117346,1.00000000,4820,0.993422
10,0.250,1.2,1.000,10,295,10,0.00000000,1.00000000,0.35491535,1.00000000,5858,0.992005
10,0.250,1.2,1.200,10,295,10,0.00000000,1.00000000,0.45908890,1.00000000,8174,0.988845
10,0.250,1.6,0.500,10,295,10,0.00000000,1.00000000,0.36794997,1.00000000,1472,0.997991
10,0.250,1.6,0.750,10,295,10,0.00000000,1.00000000,0.35968349,1.00000000,3224,0.995600
10,0.250,1.6,0.900,10,295,10,0.00000000,1.00000000,0.47504228,1.00000000,4846,0.993386
10,0.250,1.6,1.000,10,295,10,0.00000000,1.00000000,0.33638029,1.00000000,6044,0.991751
10,0.250,1.6,1.200,10,295,10,0.00000000,1.00000000,0.41875426,1.00000000,8274,0.988708
10,0.250,2.0,0.500,10,295,10,0.00000000,1.00000000,0.40447566,1.00000000,1462,0.998005
10,0.250,2.0,0.750,10,295,10,0.00000000,1.00000000,0.39528469,1.00000000,3138,0.995717
10,0.250,2.0,0.900,10,295,10,0.00000000,1.00000000,0.45047777,1.00000000,4756,0.993509
10,0.250,2.0,1.000,10,295,10,0.00000000,1.00000000,0.41677134,1.00000000,6000,0.991812
10,0.250,2.0,1.200,10,295,10,0.00000000,1.00000000,0.37188845,1.00000000,8284,0.988694
10,0.250,2.6,0.500,10,295,10,0.00000000,1.00000000,0.37201083,1.00000000,1472,0.997991
10,0.250,2.6,0.750,10,295,10,0.00000000,1.00000000,0.54901098,1.00000000,3234,0.995586
10,0.250,2.6,0.900,10,295,10,0.00000000,1.00000000,0.39200549,1.00000000,4732,0.993542
10,0.250,2.6,1.000,10,295,10,0.00000000,1.00000000,0.36599261,1.00000000,5882,0.991973
10,0.250,2.6,1.200,10,295,10,0.00000000,1.00000000,0.44090542,1.00000000,8308,0.988662
10,0.250,3.2,0.500,10,295,10,0.00000000,1.00000000,0.43352344,1.00000000,1406,0.998081
10,0.250,3.2,0.750,10,295,10,0.00000000,1.00000000,0.36162460,1.00000000,3184,0.995655
10,0.250,3.2,0.900,10,295,10,0.00000000,1.00000000,0.44073964,1.00000000,4882,0.993337
10,0.250,3.2,1.000,10,295,10,0.00000000,1.00000000,0.35055383,1.00000000,5996,0.991817
10,0.250,3.2,1.200,10,295,10,0.00000000,1.00000000,0.38792763,1.00000000,8194,0.988817
10,0.350,0.8,0.500,10,151,10,0.00000000,1.00000000,0.29827664,1.00000000,749,0.996078
10,0.350,0.8,0.750,10,151,10,0.00000000,1.00000000,0.42520812,1.00000000,1589,0.991679
10,0.350,0.8,0.900,10,151,10,0.00000000,1.00000000,0.34503865,1.00000000,2443,0.987207
10,0.350,0.8,1.000,10,151,10,0.00000000,1.00000000,0.44175875,1.00000000,3041,0.984076
10,0.350,0.8,1.200,10,151,10,0.00000000,1.00000000,0.41637921,1.00000000,4145,0.978295
10,0.350,1.2,0.500,10,151,10,0.00000000,1.00000000,0.35197796,1.00000000,755,0.996046
10,0.350,1.2,0.750,10,151,10,0.00000000,1.00000000,0.34613284,1.00000000,1619,0.991522
10,0.350,1.2,0.900,10,151,10,0.00000000,1.00000000,0.42571653,1.00000000,2375,0.987563
10,0.350,1.2,1.000,10,151,10,0.00000000,1.00000000,0.43962151,1.00000000,3009,0.984244
10,0.350,1.2,1.200,10,151,10,0.00000000,1.00000000,0.39583645,1.00000000,4135,0.978347
10,0.350,1.6,0.500,10,151,10,0.00000000,1.00000000,0.39561184,1.00000000,755,0.996046
10,0.350,1.6,0.750,10,151,10,0.00000000,1.00000000,0.36588231,1.00000000,1597,0.991637
10,0.350,1.6,0.900,10,151,10,0.00000000,1.00000000,0.38678771,1.00000000,2461,0.987113
10,0.350,1.6,1.000,10,151,10,0.00000000,1.00000000,0.41852930,1.00000000,2947,0.984568
10,0.350,1.6,1.200,10,151,10,0.00000000,1.00000000,0.39704861,1.00000000,4275,0.977614
10,0.350,2.0,0.500,10,151,10,0.00000000,1.00000000,0.33537392,1.00000000,737,0.996141
10,0.350,2.0,0.750,10,151,10,0.00000000,1.00000000,0.30793630,1.00000000,1617,0.991533
10,0.350,2.0,0.900,10,151,10,0.00000000,1.00000000,0.37642307,1.00000000,2435,0.987249
10,0.350,2.0,1.000,10,151,10,0.00000000,1.00000000,0.38381982,1.00000000,3065,0.983950
10,0.350,2.0,1.200,10,151,10,0.00000000,1.00000000,0.38050369,1.00000000,4137,0.978337
10,0.350,2.6,0.500,10,151,10,0.00000000,1.00000000,0.41185124,1.00000000,751,0.996067
10,0.350,2.6,0.750,10,151,10,0.00000000,1.00000000,0.41447653,1.00000000,1591,0.991669
10,0.350,2.6,0.900,10,151,10,0.00000000,1.00000000,0.33865221,1.00000000,2433,0.987260
10,0.350,2.6,1.000,10,151,10,0.00000000,1.00000000,0.41669443,1.00000000,3057,0.983992
10,0.350,2.6,1.200,10,151,10,0.00000000,1.00000000,0.39804316,1.00000000,4221,0.977897
10,0.350,3.2,0.500,10,151,10,0.00000000,1.00000000,0.39426936,1.00000000,755,0.996046
10,0.350,3.2,0.750,10,151,10,0.00000000,1.00000000,0.34426809,1.00000000,1703,0.991082
10,0.350,3.2,0.900,10,151,10,0.00000000,1.00000000,0.42972244,1.00000000,2517,0.986820
10,0.350,3.2,1.000,10,151,10,0.00000000,1.00000000,0.42860817,1.00000000,3077,0.983887
10,0.350,3.2,1.200,10,151,10,0.00000000,1.00000000,0.37473797,1.00000000,4255,0.977719
10,0.500,0.8,0.500,10,74,10,0.00000000,1.00000000,0.25517439,1.00000000,390,0.991484
10,0.500,0.8,0.750,10,74,10,0.00000000,1.00000000,0.32945799,1.00000000,792,0.982706
10,0.500,0.8,0.900,10,74,10,0.00000000,1.00000000,0.40492882,1.00000000,1152,0.974845
10,0.500,0.8,1.000,10,74,10,0.00000000,1.00000000,0.41379777,1.00000000,1534,0.966504
10,0.500,0.8,1.200,10,74,10,0.00000000,1.00000000,0.32436014,1.00000000,2042,0.955411
10,0.500,1.2,0.500,10,74,10,0.00000000,1.00000000,0.25181884,1.00000000,358,0.992183
10,0.500,1.2,0.750,10,74,10,0.00000000,1.00000000,0.31013714,1.00000000,818,0.982138
10,0.500,1.2,0.900,10,74,10,0.00000000,1.00000000,0.39677693,1.00000000,1252,0.972661
10,0.500,1.2,1.000,10,74,10,0.00000000,1.00000000,0.45351037,1.00000000,1512,0.966984
10,0.500,1.2,1.200,10,74,10,0.00000000,1.00000000,0.40692035,1.00000000,2020,0.955891
10,0.500,1.6,0.500,10,74,10,0.00000000,1.00000000,0.26134757,1.00000000,340,0.992576
10,0.500,1.6,0.750,10,74,10,0.00000000,1.00000000,0.32678420,1.00000000,704,0.984627
10,0.500,1.6,0.900,10,74,10,0.00000000,1.00000000,0.42661194,1.00000000,1184,0.974146
10,0.500,1.6,1.000,10,74,10,0.00000000,1.00000000,0.36301046,1.00000000,1498,0.967290
10,0.500,1.6,1.200,10,74,10,0.00000000,1.00000000,0.42291660,1.00000000,2078,0.954625
10,0.500,2.0,0.500,10,74,10,0.00000000,1.00000000,0.20878399,1.00000000,372,0.991877
10,0.500,2.0,0.750,10,74,10,0.00000000,1.00000000,0.31720320,1.00000000,862,0.981177
10,0.500,2.0,0.900,10,74,10,0.00000000,1.00000000,0.24572702,1.00000000,1236,0.973011
10,0.500,2.0,1.000,10,74,10,0.00000000,1.00000000,0.29466533,1.00000000,1462,0.968076
10,0.500,2.0,1.200,10,74,10,0.00000000,1.00000000,0.34003335,1.00000000,1996,0.956415
10,0.500,2.6,0.500,10,74,10,0.00000000,1.00000000,0.28062445,1.00000000,344,0.992488
10,0.500,2.6,0.750,10,74,10,0.00000000,1.00000000,0.25684404,1.00000000,818,0.982138
10,0.500,2.6,0.900,10,74,10,0.00000000,1.00000000,0.39008036,1.00000000,1136,0.975194
10,0.500,2.6,1.000,10,74,10,0.00000000,1.00000000,0.36720837,1.00000000,1464,0.968032
10,0.500,2.6,1.200,10,74,10,0.00000000,1.00000000,0.31809045,1.00000000,2036,0.955542
10,0.500,3.2,0.500,10,74,10,0.00000000,1.00000000,0.27121196,1.00000000,352,0.992314
10,0.500,3.2,0.750,10,74,10,0.00000000,1.00000000,0.32860245,1.00000000,796,0.982619
10,0.500,3.2,0.900,10,74,10,0.00000000,1.00000000,0.31503049,1.00000000,1152,0.974845
10,0.500,3.2,1.000,10,74,10,0.00000000,1.00000000,0.37651598,1.00000000,1548,0.966198
10,0.500,3.2,1.200,10,74,10,0.00000000,1.00000000,0.38378027,1.00000000,2088,0.954406
10,0.700,0.8,0.500,10,38,10,0.00000000,1.00000000,0.21569180,1.00000000,202,0.983306
10,0.700,0.8,0.750,10,38,10,0.00000000,1.00000000,0.28664998,1.00000000,398,0.967107
10,0.700,0.8,0.900,10,38,10,0.00000000,1.00000000,0.33368710,1.00000000,634,0.947603
10,0.700,0.8,1.000,10,38,10,0.00000000,1.00000000,0.37652642,1.00000000,756,0.937521
10,0.700,0.8,1.200,10,38,10,0.00000000,1.00000000,0.28004344,1.00000000,1040,0.914050
10,0.700,1.2,0.500,10,38,10,0.00000000,1.00000000,0.25406720,1.00000000,174,0.985620
10,0.700,1.2,0.750,10,38,10,0.00000000,1.00000000,0.23209977,1.00000000,394,0.967438
10,0.700,1.2,0.900,10,38,10,0.00000000,1.00000000,0.22145832,1.00000000,580,0.952066
10,0.700,1.2,1.000,10,38,10,0.00000000,1.00000000,0.30623729,1.00000000,742,0.938678
10,0.700,1.2,1.200,10,38,10,0.00000000,1.00000000,0.33732579,1.00000000,1052,0.913058
10,0.700,1.6,0.500,10,38,10,0.00000000,1.00000000,0.17890693,1.00000000,170,0.985950
10,0.700,1.6,0.750,10,38,10,0.00000000,1.00000000,0.35629568,1.00000000,442,0.963471
10,0.700,1.6,0.900,10,38,10,0.00000000,1.00000000,0.32310169,1.00000000,586,0.951570
10,0.700,1.6,1.000,10,38,10,0.00000000,1.00000000,0.25042662,1.00000000,756,0.937521
10,0.700,1.6,1.200,10,38,10,0.00000000,1.00000000,0.21868121,1.00000000,1004,0.917025
10,0.700,2.0,0.500,10,38,10,0.00000000,1.00000000,0.20704210,1.00000000,190,0.984298
10,0.700,2.0,0.750,10,38,10,0.00000000,1.00000000,0.33324470,1.00000000,392,0.967603
10,0.700,2.0,0.900,10,38,10,0.00000000,1.00000000,0.30850346,1.00000000,624,0.948430
10,0.700,2.0,1.000,10,38,10,0.00000000,1.00000000,0.32053847,1.00000000,710,0.941322
10,0.700,2.0,1.200,10,38,10,0.00000000,1.00000000,0.37955378,1.00000000,1044,0.913719
10,0.700,2.6,0.500,10,38,10,0.00000000,1.00000000,0.24541263,1.00000000,218,0.981983
10,0.700,2.6,0.750,10,38,10,0.00000000,1.00000000,0.22665983,1.00000000,438,0.963802
10,0.700,2.6,0.900,10,38,10,0.00000000,1.00000000,0.35439267,1.00000000,584,0.951736
10,0.700,2.6,1.000,10,38,10,0.00000000,1.00000000,0.32172355,1.00000000,756,0.937521
10,0.700,2.6,1.200,10,38,10,0.00000000,1.00000000,0.38567999,1.00000000,980,0.919008
10,0.700,3.2,0.500,10,38,10,0.00000000,1.00000000,0.22203635,1.00000000,172,0.985785
10,0.700,3.2,0.750,10,38,5,0.00000000,1.00000000,0.31797742,1.00000000,548,0.954711
10,0.700,3.2,0.900,10,38,5,0.00000000,1.00000000,0.32667501,1.00000000,638,0.947273
10,0.700,3.2,1.000,10,38,8,0.00000000,1.00000000,0.34467951,1.00000000,748,0.938182
10,0.700,3.2,1.200,10,38,5,0.00000000,1.00000000,0.34902919,1.00000000,932,0.922975
25,0.250,0.8,0.500,10,413,25,0.00000000,1.00000000,0.22590215,1.00000000,908,0.998761
25,0.250,0.8,0.750,10,413,25,0.00000000,1.00000000,0.28827260,1.00000000,2018,0.997246
25,0.250,0.8,0.900,10,413,25,0.00000000,1.00000000,0.30785819,1.00000000,4068,0.994448
25,0.250,0.8,1.000,10,413,25,0.00000000,1.00000000,0.43829994,1.00000000,6046,0.991749
25,0.250,0.8,1.200,10,413,25,0.00000000,1.00000000,0.47120980,1.00000000,9418,0.987147
25,0.250,1.2,0.500,10,413,25,0.00000000,1.00000000,0.30162410,1.00000000,930,0.998731
25,0.250,1.2,0.750,10,413,25,0.00000000,1.00000000,0.27074977,1.00000000,1914,0.997388
25,0.250,1.2,0.900,10,413,25,0.00000000,1.00000000,0.35992168,1.00000000,4188,0.994284
25,0.250,1.2,1.000,10,413,25,0.00000000,1.00000000,0.41578595,1.00000000,5920,0.991921
25,0.250,1.2,1.200,10,413,25,0.00000000,1.00000000,0.42651419,1.00000000,9428,0.987133
25,0.250,1.6,0.500,10,413,25,0.00000000,1.00000000,0.24767796,1.00000000,904,0.998766
25,0.250,1.6,0.750,10,413,25,0.00000000,1.00000000,0.35667775,1.00000000,1908,0.997396
25,0.250,1.6,0.900,10,413,25,0.00000000,1.00000000,0.47442658,1.00000000,4078,0.994435
25,0.250,1.6,1.000,10,413,25,0.00000000,1.00000000,0.44285618,1.00000000,5938,0.991896
25,0.250,1.6,1.200,10,413,25,0.00000000,1.00000000,0.48102308,1.00000000,9494,0.987043
25,0.250,2.0,0.500,10,413,25,0.00000000,1.00000000,0.13601578,1.00000000,900,0.998772
25,0.250,2.0,0.750,10,413,25,0.00000000,1.00000000,0.41400133,1.00000000,1992,0.997281
25,0.250,2.0,0.900,10,413,25,0.00000000,1.00000000,0.45003308,1.00000000,3946,0.994615
25,0.250,2.0,1.000,10,413,25,0.00000000,1.00000000,0.42361233,1.00000000,6004,0.991806
25,0.250,2.0,1.200,10,413,25,0.00000000,1.00000000,0.40391789,1.00000000,9482,0.987059
25,0.250,2.6,0.500,10,413,25,0.00000000,1.00000000,0.19488931,1.00000000,912,0.998755
25,0.250,2.6,0.750,10,413,25,0.00000000,1.00000000,0.32226041,1.00000000,1948,0.997341
25,0.250,2.6,0.900,10,413,25,0.00000000,1.00000000,0.43799237,1.00000000,3978,0.994571
25,0.250,2.6,1.000,10,413,25,0.00000000,1.00000000,0.33286040,1.00000000,5912,0.991932
25,0.250,2.6,1.200,10,413,25,0.00000000,1.00000000,0.42751036,1.00000000,9374,0.987207
25,0.250,3.2,0.500,10,413,25,0.00000000,1.00000000,0.19947591,1.00000000,912,0.998755
25,0.250,3.2,0.750,10,413,25,0.00000000,1.00000000,0.35440899,1.00000000,2032,0.997227
25,0.250,3.2,0.900,10,413,25,0.00000000,1.00000000,0.45594018,1.00000000,4130,0.994364
25,0.250,3.2,1.000,10,413,25,0.00000000,1.00000000,0.41552659,1.00000000,5936,0.991899
25,0.250,3.2,1.200,10,413,25,0.00000000,1.00000000,0.39821056,1.00000000,9386,0.987190
25,0.350,0.8,0.500,10,211,25,0.00000000,1.00000000,0.21473016,1.00000000,457,0.997607
25,0.350,0.8,0.750,10,211,25,0.00000000,1.00000000,0.45944688,1.00000000,999,0.994769
25,0.350,0.8,0.900,10,211,25,0.00000000,1.00000000,0.46994802,1.00000000,2105,0.988977
25,0.350,0.8,1.000,10,211,25,0.00000000,1.00000000,0.45721245,1.00000000,3093,0.983804
25,0.350,0.8,1.200,10,211,25,0.00000000,1.00000000,0.44441195,1.00000000,4785,0.974944
25,0.350,1.2,0.500,10,211,25,0.00000000,1.00000000,0.16504653,1.00000000,465,0.997565
25,0.350,1.2,0.750,10,211,25,0.00000000,1.00000000,0.27992407,1.00000000,1047,0.994517
25,0.350,1.2,0.900,10,211,25,0.00000000,1.00000000,0.41539894,1.00000000,2063,0.989197
25,0.350,1.2,1.000,10,211,25,0.00000000,1.00000000,0.41315287,1.00000000,3039,0.984086
25,0.350,1.2,1.200,10,211,25,0.00000000,1.00000000,0.41392132,1.00000000,4807,0.974828
25,0.350,1.6,0.500,10,211,25,0.00000000,1.00000000,0.24874340,1.00000000,457,0.997607
25,0.350,1.6,0.750,10,211,25,0.00000000,1.00000000,0.39998320,1.00000000,1011,0.994706
25,0.350,1.6,0.900,10,211,25,0.00000000,1.00000000,0.42590237,1.00000000,2061,0.989208
25,0.350,1.6,1.000,10,211,25,0.00000000,1.00000000,0.40632902,1.00000000,3011,0.984233
25,0.350,1.6,1.200,10,211,25,0.00000000,1.00000000,0.39157958,1.00000000,4751,0.975122
25,0.350,2.0,0.500,10,211,25,0.00000000,1.00000000,0.27480341,1.00000000,453,0.997628
25,0.350,2.0,0.750,10,211,25,0.00000000,1.00000000,0.33199138,1.00000000,1005,0.994737
25,0.350,2.0,0.900,10,211,25,0.00000000,1.00000000,0.45231087,1.00000000,2171,0.988632
25,0.350,2.0,1.000,10,211,25,0.00000000,1.00000000,0.44119039,1.00000000,3029,0.984139
25,0.350,2.0,1.200,10,211,25,0.00000000,1.00000000,0.45958737,1.00000000,4817,0.974776
25,0.350,2.6,0.500,10,211,25,0.00000000,1.00000000,0.20257527,1.00000000,465,0.997565
25,0.350,2.6,0.750,10,211,25,0.00000000,1.00000000,0.38978841,1.00000000,1001,0.994758
25,0.350,2.6,0.900,10,211,25,0.00000000,1.00000000,0.47744575,1.00000000,2039,0.989323
25,0.350,2.6,1.000,10,211,25,0.00000000,1.00000000,0.35507185,1.00000000,2979,0.984401
25,0.350,2.6,1.200,10,211,25,0.00000000,1.00000000,0.42499009,1.00000000,4767,0.975038
25,0.350,3.2,0.500,10,211,25,0.00000000,1.00000000,0.16084914,1.00000000,459,0.997596
25,0.350,3.2,0.750,10,211,24,0.00000000,1.00000000,0.44524024,1.00000000,969,0.994926
25,0.350,3.2,0.900,10,211,25,0.00000000,1.00000000,0.29458473,1.00000000,2127,0.988862
25,0.350,3.2,1.000,10,211,25,0.00000000,1.00000000,0.37699799,1.00000000,3033,0.984118
25,0.350,3.2,1.200,10,211,25,0.00000000,1.00000000,0.40734074,1.00000000,4769,0.975027
25,0.500,0.8,0.500,10,104,25,0.00000000,1.00000000,0.33215788,1.00000000,222,0.995152
25,0.500,0.8,0.750,10,104,25,0.00000000,1.00000000,0.28072348,1.00000000,466,0.989824
25,0.500,0.8,0.900,10,104,25,0.00000000,1.00000000,0.36388838,1.00000000,986,0.978470
25,0.500,0.8,1.000,10,104,25,0.00000000,1.00000000,0.33202046,1.00000000,1478,0.967726
25,0.500,0.8,1.200,10,104,25,0.00000000,1.00000000,0.38093655,1.00000000,2310,0.949559
25,0.500,1.2,0.500,10,104,25,0.00000000,1.00000000,0.32763898,1.00000000,222,0.995152
25,0.500,1.2,0.750,10,104,25,0.00000000,1.00000000,0.32810481,1.00000000,474,0.989650
25,0.500,1.2,0.900,10,104,25,0.00000000,1.00000000,0.38807705,1.00000000,978,0.978644
25,0.500,1.2,1.000,10,104,25,0.00000000,1.00000000,0.43467892,1.00000000,1468,0.967945
25,0.500,1.2,1.200,10,104,25,0.00000000,1.00000000,0.39161215,1.00000000,2294,0.949908
25,0.500,1.6,0.500,10,104,25,0.00000000,1.00000000,0.26264386,1.00000000,228,0.995021
25,0.500,1.6,0.750,10,104,25,0.00000000,1.00000000,0.31591148,1.00000000,472,0.989693
25,0.500,1.6,0.900,10,104,25,0.00000000,1.00000000,0.35547801,1.00000000,970,0.978819
25,0.500,1.6,1.000,10,104,25,0.00000000,1.00000000,0.38288470,1.00000000,1482,0.967639
25,0.500,1.6,1.200,10,104,25,0.00000000,1.00000000,0.47046180,1.00000000,2326,0.949210
25,0.500,2.0,0.500,10,104,25,0.00000000,1.00000000,0.27147676,1.00000000,228,0.995021
25,0.500,2.0,0.750,10,104,25,0.00000000,1.00000000,0.31968775,1.00000000,488,0.989344
25,0.500,2.0,0.900,10,104,25,0.00000000,1.00000000,0.36518176,1.00000000,1060,0.976854
25,0.500,2.0,1.000,10,104,25,0.00000000,1.00000000,0.43525695,1.00000000,1424,0.968906
25,0.500,2.0,1.200,10,104,25,0.00000000,1.00000000,0.33740487,1.00000000,2306,0.949646
25,0.500,2.6,0.500,10,104,25,0.00000000,1.00000000,0.50032819,1.00000000,218,0.995240
25,0.500,2.6,0.750,10,104,25,0.00000000,1.00000000,0.30273082,1.00000000,474,0.989650
25,0.500,2.6,0.900,10,104,25,0.00000000,1.00000000,0.37168962,1.00000000,972,0.978775
25,0.500,2.6,1.000,10,104,25,0.00000000,1.00000000,0.39463688,1.00000000,1482,0.967639
25,0.500,2.6,1.200,10,104,25,0.00000000,1.00000000,0.37289308,1.00000000,2340,0.948904
25,0.500,3.2,0.500,10,104,17,0.00000000,1.00000000,0.23496846,1.00000000,244,0.994672
25,0.500,3.2,0.750,10,104,15,0.00000000,1.00000000,0.34630607,1.00000000,626,0.986331
25,0.500,3.2,0.900,10,104,11,0.00000000,1.00000000,0.35045643,1.00000000,1068,0.976679
25,0.500,3.2,1.000,10,104,6,0.00000000,1.00000000,0.37409081,1.00000000,1474,0.967814
25,0.500,3.2,1.200,10,104,20,0.00000000,1.00000000,0.45761366,1.00000000,2236,0.951175
25,0.700,0.8,0.500,10,53,25,0.00000000,1.00000000,0.28545529,1.00000000,120,0.990083
25,0.700,0.8,0.750,10,53,25,0.00000000,1.00000000,0.28284757,1.00000000,228,0.981157
25,0.700,0.8,0.900,10,53,25,0.00000000,1.00000000,0.32402101,1.00000000,516,0.957355
25,0.700,0.8,1.000,10,53,25,0.00000000,1.00000000,0.29406403,1.00000000,734,0.939339
25,0.700,0.8,1.200,10,53,25,0.00000000,1.00000000,0.32018656,1.00000000,1186,0.901983
25,0.700,1.2,0.500,10,53,25,0.00000000,1.00000000,0.23164371,1.00000000,124,0.989752
25,0.700,1.2,0.750,10,53,25,0.00000000,1.00000000,0.25208908,1.00000000,238,0.980331
25,0.700,1.2,0.900,10,53,25,0.00000000,1.00000000,0.36037418,1.00000000,494,0.959174
25,0.700,1.2,1.000,10,53,25,0.00000000,1.00000000,0.38825675,1.00000000,736,0.939174
25,0.700,1.2,1.200,10,53,25,0.00000000,1.00000000,0.33078697,1.00000000,1170,0.903306
25,0.700,1.6,0.500,10,53,25,0.00000000,1.00000000,0.25654023,1.00000000,122,0.989917
25,0.700,1.6,0.750,10,53,25,0.00000000,1.00000000,0.26811439,1.00000000,246,0.979669
25,0.700,1.6,0.900,10,53,25,0.00000000,1.00000000,0.25768872,1.00000000,452,0.962645
25,0.700,1.6,1.000,10,53,25,0.00000000,1.00000000,0.32748233,1.00000000,756,0.937521
25,0.700,1.6,1.200,10,53,25,0.00000000,1.00000000,0.40026776,1.00000000,1154,0.904628
25,0.700,2.0,0.500,10,53,25,0.00000000,1.00000000,0.32801241,1.00000000,118,0.990248
25,0.700,2.0,0.750,10,53,25,0.00000000,1.00000000,0.21870069,1.00000000,236,0.980496
25,0.700,2.0,0.900,10,53,25,0.00000000,1.00000000,0.33397681,1.00000000,512,0.957686
25,0.700,2.0,1.000,10,53,25,0.00000000,1.00000000,0.33136727,1.00000000,744,0.938512
25,0.700,2.0,1.200,10,53,25,0.00000000,1.00000000,0.34941146,1.00000000,1184,0.902149
25,0.700,2.6,0.500,10,53,25,0.00000000,1.00000000,0.21087187,1.00000000,124,0.989752
25,0.700,2.6,0.750,10,53,25,0.00000000,1.00000000,0.31658605,1.00000000,230,0.980992
25,0.700,2.6,0.900,10,53,25,0.00000000,1.00000000,0.32401729,1.00000000,448,0.962975
25,0.700,2.6,1.000,10,53,25,0.00000000,1.00000000,0.38925647,1.00000000,740,0.938843
25,0.700,2.6,1.200,10,53,25,0.00000000,1.00000000,0.26085079,1.00000000,1186,0.901983
25,0.700,3.2,0.500,10,53,6,0.00000000,1.00000000,0.33981215,1.00000000,274,0.977355
25,0.700,3.2,0.750,10,53,5,0.00000000,1.00000000,0.33036528,1.00000000,498,0.958843
25,0.700,3.2,0.900,10,53,3,0.00000000,1.00000000,0.31149054,1.00000000,708,0.941488
25,0.700,3.2,1.000,10,53,4,0.00000000,1.00000000,0.37653064,1.00000000,730,0.939669
25,0.700,3.2,1.200,10,53,8,0.00000000,1.00000000,0.36159408,1.00000000,1026,0.915207
50,0.250,0.8,0.500,10,501,50,0.00000000,0.00000000,0.00000000,0.00000000,856,0.998832
50,0.250,0.8,0.750,10,501,50,0.00000000,1.00000000,0.27519163,1.00000000,1184,0.998384
50,0.250,0.8,0.900,10,501,50,0.00000000,1.00000000,0.33769942,1.00000000,3422,0.995330
50,0.250,0.8,1.000,10,501,50,0.00000000,1.00000000,0.36363031,1.00000000,6108,0.991664
50,0.250,0.8,1.200,10,501,50,0.00000000,1.00000000,0.39675146,1.00000000,10310,0.985929
50,0.250,1.2,0.500,10,501,50,0.00000000,0.00000000,0.00000000,0.00000000,856,0.998832
50,0.250,1.2,0.750,10,501,50,0.00000000,1.00000000,0.38315347,1.00000000,1216,0.998340
50,0.250,1.2,0.900,10,501,50,0.00000000,1.00000000,0.48956321,1.00000000,3400,0.995360
50,0.250,1.2,1.000,10,501,50,0.00000000,1.00000000,0.46611936,1.00000000,6050,0.991743
50,0.250,1.2,1.200,10,501,50,0.00000000,1.00000000,0.35098826,1.00000000,10254,0.986006
50,0.250,1.6,0.500,10,501,50,0.00000000,0.00000000,0.00000000,0.00000000,856,0.998832
50,0.250,1.6,0.750,10,501,50,0.00000000,1.00000000,0.31499151,1.00000000,1284,0.998248
50,0.250,1.6,0.900,10,501,50,0.00000000,1.00000000,0.45125465,1.00000000,3322,0.995466
50,0.250,1.6,1.000,10,501,50,0.00000000,1.00000000,0.42155738,1.00000000,5924,0.991915
50,0.250,1.6,1.200,10,501,50,0.00000000,1.00000000,0.38356971,1.00000000,10282,0.985968
50,0.250,2.0,0.500,10,501,50,0.00000000,0.00000000,0.00000000,0.00000000,856,0.998832
50,0.250,2.0,0.750,10,501,50,0.00000000,1.00000000,0.34571721,1.00000000,1270,0.998267
50,0.250,2.0,0.900,10,501,50,0.00000000,1.00000000,0.44163320,1.00000000,3324,0.995464
50,0.250,2.0,1.000,10,501,50,0.00000000,1.00000000,0.39091095,1.00000000,5976,0.991844
50,0.250,2.0,1.200,10,501,50,0.00000000,1.00000000,0.49542220,1.00000000,10260,0.985998
50,0.250,2.6,0.500,10,501,50,0.00000000,0.00000000,0.00000000,0.00000000,856,0.998832
50,0.250,2.6,0.750,10,501,50,0.00000000,1.00000000,0.36673439,1.00000000,1298,0.998229
50,0.250,2.6,0.900,10,501,50,0.00000000,1.00000000,0.35879704,1.00000000,3324,0.995464
50,0.250,2.6,1.000,10,501,50,0.00000000,1.00000000,0.36029414,1.00000000,6040,0.991757
50,0.250,2.6,1.200,10,501,50,0.00000000,1.00000000,0.48914043,1.00000000,10284,0.985965
50,0.250,3.2,0.500,10,501,50,0.00000000,0.00266387,0.00265566,0.00266387,858,0.998829
50,0.250,3.2,0.750,10,501,45,0.00000000,1.00000000,0.28525356,1.00000000,1424,0.998057
50,0.250,3.2,0.900,10,501,50,0.00000000,1.00000000,0.41711783,1.00000000,3364,0.995409
50,0.250,3.2,1.000,10,501,42,0.00000000,1.00000000,0.45019328,1.00000000,5896,0.991953
50,0.250,3.2,1.200,10,501,32,0.00000000,1.00000000,0.49308210,1.00000000,9662,0.986814
50,0.350,0.8,0.500,10,256,50,0.00000000,0.00000000,0.00000000,0.00000000,437,0.997712
50,0.350,0.8,0.750,10,256,50,0.00000000,1.00000000,0.24762615,1.00000000,651,0.996591
50,0.350,0.8,0.900,10,256,50,0.00000000,1.00000000,0.47518454,1.00000000,1699,0.991103
50,0.350,0.8,1.000,10,256,50,0.00000000,1.00000000,0.45389165,1.00000000,3051,0.984024
50,0.350,0.8,1.200,10,256,50,0.00000000,1.00000000,0.35883422,1.00000000,5183,0.972859
50,0.350,1.2,0.500,10,256,50,0.00000000,0.00000000,0.00000000,0.00000000,437,0.997712
50,0.350,1.2,0.750,10,256,50,0.00000000,1.00000000,0.30372172,1.00000000,635,0.996675
50,0.350,1.2,0.900,10,256,50,0.00000000,1.00000000,0.39464397,1.00000000,1727,0.990957
50,0.350,1.2,1.000,10,256,50,0.00000000,1.00000000,0.39476347,1.00000000,3101,0.983762
50,0.350,1.2,1.200,10,256,50,0.00000000,1.00000000,0.41465555,1.00000000,5269,0.972409
50,0.350,1.6,0.500,10,256,50,0.00000000,0.00000000,0.00000000,0.00000000,437,0.997712
50,0.350,1.6,0.750,10,256,50,0.00000000,1.00000000,0.31385816,1.00000000,647,0.996612
50,0.350,1.6,0.900,10,256,50,0.00000000,1.00000000,0.46492827,1.00000000,1711,0.991040
50,0.350,1.6,1.000,10,256,50,0.00000000,1.00000000,0.38500300,1.00000000,3055,0.984003
50,0.350,1.6,1.200,10,256,50,0.00000000,1.00000000,0.47724193,1.00000000,5255,0.972482
50,0.350,2.0,0.500,10,256,50,0.00000000,0.00000000,0.00000000,0.00000000,437,0.997712
50,0.350,2.0,0.750,10,256,50,0.00000000,1.00000000,0.29647614,1.00000000,639,0.996654
50,0.350,2.0,0.900,10,256,50,0.00000000,1.00000000,0.35263861,1.00000000,1719,0.990999
50,0.350,2.0,1.000,10,256,50,0.00000000,1.00000000,0.39262579,1.00000000,2997,0.984306
50,0.350,2.0,1.200,10,256,50,0.00000000,1.00000000,0.42699104,1.00000000,5241,0.972556
50,0.350,2.6,0.500,10,256,50,0.00000000,0.00000000,0.00000000,0.00000000,437,0.997712
50,0.350,2.6,0.750,10,256,50,0.00000000,1.00000000,0.30125958,1.00000000,635,0.996675
50,0.350,2.6,0.900,10,256,50,0.00000000,1.00000000,0.44689995,1.00000000,1701,0.991093
50,0.350,2.6,1.000,10,256,50,0.00000000,1.00000000,0.45927981,1.00000000,3091,0.983814
50,0.350,2.6,1.200,10,256,50,0.00000000,1.00000000,0.38983060,1.00000000,5219,0.972671
50,0.350,3.2,0.500,10,256,35,0.00000000,1.00000000,0.33359680,1.00000000,445,0.997670
50,0.350,3.2,0.750,10,256,36,0.00000000,1.00000000,0.28795224,1.00000000,817,0.995722
50,0.350,3.2,0.900,10,256,11,0.00000000,1.00000000,0.41120710,1.00000000,2433,0.987260
50,0.350,3.2,1.000,10,256,22,0.00000000,1.00000000,0.30243212,1.00000000,2879,0.984924
50,0.350,3.2,1.200,10,256,47,0.00000000,1.00000000,0.31740847,1.00000000,5195,0.972797
50,0.500,0.8,0.500,10,126,50,0.00000000,0.00000000,0.00000000,0.00000000,214,0.995327
50,0.500,0.8,0.750,10,126,50,0.00000000,1.00000000,0.23805997,1.00000000,300,0.993449
50,0.500,0.8,0.900,10,126,50,0.00000000,1.00000000,0.37747501,1.00000000,818,0.982138
50,0.500,0.8,1.000,10,126,50,0.00000000,1.00000000,0.36224823,1.00000000,1492,0.967421
50,0.500,0.8,1.200,10,126,50,0.00000000,1.00000000,0.45723125,1.00000000,2532,0.944711
50,0.500,1.2,0.500,10,126,50,0.00000000,0.00000000,0.00000000,0.00000000,214,0.995327
50,0.500,1.2,0.750,10,126,50,0.00000000,1.00000000,0.20853655,1.00000000,292,0.993624
50,0.500,1.2,0.900,10,126,50,0.00000000,1.00000000,0.30927323,1.00000000,820,0.982095
50,0.500,1.2,1.000,10,126,50,0.00000000,1.00000000,0.35985141,1.00000000,1456,0.968207
50,0.500,1.2,1.200,10,126,50,0.00000000,1.00000000,0.38353696,1.00000000,2534,0.944668
50,0.500,1.6,0.500,10,126,50,0.00000000,0.00000000,0.00000000,0.00000000,214,0.995327
50,0.500,1.6,0.750,10,126,50,0.00000000,1.00000000,0.23004957,1.00000000,280,0.993886
50,0.500,1.6,0.900,10,126,50,0.00000000,1.00000000,0.37451539,1.00000000,792,0.982706
50,0.500,1.6,1.000,10,126,50,0.00000000,1.00000000,0.37103667,1.00000000,1476,0.967770
50,0.500,1.6,1.200,10,126,50,0.00000000,1.00000000,0.45372926,1.00000000,2534,0.944668
50,0.500,2.0,0.500,10,126,50,0.00000000,0.00000000,0.00000000,0.00000000,214,0.995327
50,0.500,2.0,0.750,10,126,50,0.00000000,1.00000000,0.28245391,1.00000000,298,0.993493
50,0.500,2.0,0.900,10,126,50,0.00000000,1.00000000,0.27748170,1.00000000,824,0.982007
50,0.500,2.0,1.000,10,126,50,0.00000000,1.00000000,0.33073089,1.00000000,1442,0.968513
50,0.500,2.0,1.200,10,126,50,0.00000000,1.00000000,0.45739192,1.00000000,2574,0.943794
50,0.500,2.6,0.500,10,126,50,0.00000000,0.00000000,0.00000000,0.00000000,214,0.995327
50,0.500,2.6,0.750,10,126,50,0.00000000,1.00000000,0.23560399,1.00000000,292,0.993624
50,0.500,2.6,0.900,10,126,50,0.00000000,1.00000000,0.41819261,1.00000000,816,0.982182
50,0.500,2.6,1.000,10,126,50,0.00000000,1.00000000,0.39404566,1.00000000,1424,0.968906
50,0.500,2.6,1.200,10,126,50,0.00000000,1.00000000,0.37726527,1.00000000,2560,0.944100
50,0.500,3.2,0.500,10,126,8,0.00000000,1.00000000,0.28863177,1.00000000,438,0.990436
50,0.500,3.2,0.750,10,126,20,0.00000000,1.00000000,0.36334200,1.00000000,552,0.987947
50,0.500,3.2,0.900,10,126,18,0.00000000,1.00000000,0.35079745,1.00000000,1066,0.976723
50,0.500,3.2,1.000,10,126,11,0.00000000,1.00000000,0.36080372,1.00000000,1478,0.967726
50,0.500,3.2,1.200,10,126,16,0.00000000,1.00000000,0.41364538,1.00000000,2184,0.952310
50,0.700,0.8,0.500,10,64,50,0.00000000,0.00000000,0.00000000,0.00000000,110,0.990909
50,0.700,0.8,0.750,10,64,50,0.00000000,1.00000000,0.25489852,1.00000000,176,0.985455
50,0.700,0.8,0.900,10,64,50,0.00000000,1.00000000,0.27337308,1.00000000,454,0.962479
50,0.700,0.8,1.000,10,64,50,0.00000000,1.00000000,0.30435426,1.00000000,764,0.936860
50,0.700,0.8,1.200,10,64,50,0.00000000,1.00000000,0.40749735,1.00000000,1314,0.891405
50,0.700,1.2,0.500,10,64,50,0.00000000,0.00000000,0.00000000,0.00000000,110,0.990909
50,0.700,1.2,0.750,10,64,50,0.00000000,1.00000000,0.25707236,1.00000000,164,0.986446
50,0.700,1.2,0.900,10,64,50,0.00000000,1.00000000,0.23042427,1.00000000,410,0.966116
50,0.700,1.2,1.000,10,64,50,0.00000000,1.00000000,0.38597108,1.00000000,764,0.936860
50,0.700,1.2,1.200,10,64,50,0.00000000,1.00000000,0.25595145,1.00000000,1286,0.893719
50,0.700,1.6,0.500,10,64,50,0.00000000,0.00000000,0.00000000,0.00000000,110,0.990909
50,0.700,1.6,0.750,10,64,50,0.00000000,1.00000000,0.20772214,1.00000000,162,0.986612
50,0.700,1.6,0.900,10,64,50,0.00000000,1.00000000,0.29834426,1.00000000,392,0.967603
50,0.700,1.6,1.000,10,64,50,0.00000000,1.00000000,0.30418231,1.00000000,782,0.935372
50,0.700,1.6,1.200,10,64,50,0.00000000,1.00000000,0.45563220,1.00000000,1284,0.893884
50,0.700,2.0,0.500,10,64,50,0.00000000,0.00000000,0.00000000,0.00000000,110,0.990909
50,0.700,2.0,0.750,10,64,50,0.00000000,1.00000000,0.18385792,1.00000000,144,0.988099
50,0.700,2.0,0.900,10,64,50,0.00000000,1.00000000,0.29457962,1.00000000,438,0.963802
50,0.700,2.0,1.000,10,64,50,0.00000000,1.00000000,0.18452354,1.00000000,742,0.938678
50,0.700,2.0,1.200,10,64,50,0.00000000,1.00000000,0.39482585,1.00000000,1290,0.893388
50,0.700,2.6,0.500,10,64,45,0.00000000,0.00000000,0.00000000,0.00000000,110,0.990909
50,0.700,2.6,0.750,10,64,50,0.00000000,1.00000000,0.21624879,1.00000000,162,0.986612
50,0.700,2.6,0.900,10,64,50,0.00000000,1.00000000,0.28881275,1.00000000,402,0.966777
50,0.700,2.6,1.000,10,64,39,0.00000000,1.00000000,0.33411091,1.00000000,782,0.935372
50,0.700,2.6,1.200,10,64,50,0.00000000,1.00000000,0.36107132,1.00000000,1288,0.893554
50,0.700,3.2,0.500,10,64,11,0.00000000,1.00000000,0.25828186,1.00000000,176,0.985455
50,0.700,3.2,0.750,10,64,11,0.00000000,1.00000000,0.22748651,1.00000000,364,0.969917
50,0.700,3.2,0.900,10,64,5,0.00000000,1.00000000,0.29934035,1.00000000,630,0.947934
50,0.700,3.2,1.000,10,64,6,0.00000000,1.00000000,0.32031693,1.00000000,772,0.936198
50,0.700,3.2,1.200,10,64,4,0.00000000,1.00000000,0.32097897,1.00000000,894,0.926116
100,0.250,0.8,0.500,10,590,100,0.00000000,0.00000000,0.00000000,0.00000000,856,0.998832
100,0.250,0.8,0.750,10,590,100,0.00000000,1.00000000,0.24499556,1.00000000,916,0.998750
100,0.250,0.8,0.900,10,590,100,0.00000000,1.00000000,0.39769430,1.00000000,2550,0.996520
100,0.250,0.8,1.000,10,590,100,0.00000000,1.00000000,0.48033719,1.00000000,5950,0.991880
100,0.250,0.8,1.200,10,590,100,0.00000000,1.00000000,0.39187771,1.00000000,10894,0.985132
100,0.250,1.2,0.500,10,590,100,0.00000000,0.00000000,0.00000000,0.00000000,856,0.998832
100,0.250,1.2,0.750,10,590,100,0.00000000,1.00000000,0.18179882,1.00000000,926,0.998736
100,0.250,1.2,0.900,10,590,100,0.00000000,1.00000000,0.34396971,1.00000000,2448,0.996659
100,0.250,1.2,1.000,10,590,100,0.00000000,1.00000000,0.47338767,1.00000000,6062,0.991727
100,0.250,1.2,1.200,10,590,100,0.00000000,1.00000000,0.38668510,1.00000000,10834,0.985214
100,0.250,1.6,0.500,10,590,100,0.00000000,0.00000000,0.00000000,0.00000000,856,0.998832
100,0.250,1.6,0.750,10,590,100,0.00000000,1.00000000,0.15436352,1.00000000,906,0.998764
100,0.250,1.6,0.900,10,590,100,0.00000000,1.00000000,0.40955438,1.00000000,2438,0.996673
100,0.250,1.6,1.000,10,590,100,0.00000000,1.00000000,0.49056011,1.00000000,5950,0.991880
100,0.250,1.6,1.200,10,590,100,0.00000000,1.00000000,0.36383341,1.00000000,10846,0.985198
100,0.250,2.0,0.500,10,590,100,0.00000000,0.00000000,0.00000000,0.00000000,856,0.998832
100,0.250,2.0,0.750,10,590,100,0.00000000,1.00000000,0.26797660,1.00000000,918,0.998747
100,0.250,2.0,0.900,10,590,100,0.00000000,1.00000000,0.38893444,1.00000000,2550,0.996520
100,0.250,2.0,1.000,10,590,100,0.00000000,1.00000000,0.36582223,1.00000000,5976,0.991844
100,0.250,2.0,1.200,10,590,100,0.00000000,1.00000000,0.47756149,1.00000000,10826,0.985225
100,0.250,2.6,0.500,10,590,100,0.00000000,0.00000000,0.00000000,0.00000000,856,0.998832
100,0.250,2.6,0.750,10,590,100,0.00000000,1.00000000,0.28621368,1.00000000,922,0.998742
100,0.250,2.6,0.900,10,590,100,0.00000000,1.00000000,0.29603931,1.00000000,2504,0.996583
100,0.250,2.6,1.000,10,590,100,0.00000000,1.00000000,0.41842439,1.00000000,5898,0.991951
100,0.250,2.6,1.200,10,590,100,0.00000000,1.00000000,0.41407152,1.00000000,10848,0.985195
100,0.250,3.2,0.500,10,590,70,0.00000000,0.00000000,0.00000000,0.00000000,856,0.998832
100,0.250,3.2,0.750,10,590,69,0.00000000,1.00000000,0.27989060,1.00000000,1052,0.998564
100,0.250,3.2,0.900,10,590,23,0.00000000,1.00000000,0.44811607,1.00000000,4116,0.994383
100,0.250,3.2,1.000,10,590,100,0.00000000,1.00000000,0.39882740,1.00000000,6006,0.991803
100,0.250,3.2,1.200,10,590,100,0.00000000,1.00000000,0.40576964,1.00000000,10868,0.985168
100,0.350,0.8,0.500,10,301,100,0.00000000,0.00000000,0.00000000,0.00000000,437,0.997712
100,0.350,0.8,0.750,10,301,100,0.00000000,1.00000000,0.19351349,1.00000000,479,0.997492
100,0.350,0.8,0.900,10,301,100,0.00000000,1.00000000,0.33765974,1.00000000,1243,0.993491
100,0.350,0.8,1.000,10,301,100,0.00000000,1.00000000,0.45852571,1.00000000,3075,0.983898
100,0.350,0.8,1.200,10,301,100,0.00000000,1.00000000,0.42184647,1.00000000,5509,0.971152
100,0.350,1.2,0.500,10,301,100,0.00000000,0.00000000,0.00000000,0.00000000,437,0.997712
100,0.350,1.2,0.750,10,301,100,0.00000000,1.00000000,0.23898113,1.00000000,469,0.997544
100,0.350,1.2,0.900,10,301,100,0.00000000,1.00000000,0.33213999,1.00000000,1195,0.993742
100,0.350,1.2,1.000,10,301,100,0.00000000,1.00000000,0.41324100,1.00000000,2975,0.984422
100,0.350,1.2,1.200,10,301,100,0.00000000,1.00000000,0.35223088,1.00000000,5521,0.971090
100,0.350,1.6,0.500,10,301,100,0.00000000,0.00000000,0.00000000,0.00000000,437,0.997712
100,0.350,1.6,0.750,10,301,100,0.00000000,1.00000000,0.24541078,1.00000000,471,0.997534
100,0.350,1.6,0.900,10,301,100,0.00000000,1.00000000,0.34219563,1.00000000,1289,0.993250
100,0.350,1.6,1.000,10,301,100,0.00000000,1.00000000,0.35396558,1.00000000,3067,0.983940
100,0.350,1.6,1.200,10,301,100,0.00000000,1.00000000,0.42951669,1.00000000,5529,0.971048
100,0.350,2.0,0.500,10,301,100,0.00000000,0.00000000,0.00000000,0.00000000,437,0.997712
100,0.350,2.0,0.750,10,301,100,0.00000000,1.00000000,0.18081366,1.00000000,455,0.997617
100,0.350,2.0,0.900,10,301,100,0.00000000,1.00000000,0.35399682,1.00000000,1165,0.993900
100,0.350,2.0,1.000,10,301,100,0.00000000,1.00000000,0.38720924,1.00000000,2957,0.984516
100,0.350,2.0,1.200,10,301,100,0.00000000,1.00000000,0.40872542,1.00000000,5523,0.971079
100,0.350,2.6,0.500,10,301,100,0.00000000,0.00000000,0.00000000,0.00000000,437,0.997712
100,0.350,2.6,0.750,10,301,100,0.00000000,1.00000000,0.17618487,1.00000000,471,0.997534
100,0.350,2.6,0.900,10,301,100,0.00000000,1.00000000,0.35853970,1.00000000,1319,0.993093
100,0.350,2.6,1.000,10,301,100,0.00000000,1.00000000,0.35221121,1.00000000,2977,0.984411
100,0.350,2.6,1.200,10,301,100,0.00000000,1.00000000,0.42631848,1.00000000,5539,0.970995
100,0.350,3.2,0.500,10,301,19,0.00000000,1.00000000,0.21236141,1.00000000,495,0.997408
100,0.350,3.2,0.750,10,301,31,0.00000000,1.00000000,0.34739495,1.00000000,861,0.995491
100,0.350,3.2,0.900,10,301,15,0.00000000,1.00000000,0.36746728,1.00000000,2335,0.987773
100,0.350,3.2,1.000,10,301,15,0.00000000,1.00000000,0.42625698,1.00000000,3005,0.984264
100,0.350,3.2,1.200,10,301,49,0.00000000,1.00000000,0.40104866,1.00000000,5227,0.972629
100,0.500,0.8,0.500,10,148,100,0.00000000,0.00000000,0.00000000,0.00000000,214,0.995327
100,0.500,0.8,0.750,10,148,100,0.00000000,1.00000000,0.30251293,1.00000000,224,0.995109
100,0.500,0.8,0.900,10,148,100,0.00000000,1.00000000,0.22587265,1.00000000,636,0.986112
100,0.500,0.8,1.000,10,148,100,0.00000000,1.00000000,0.45256474,1.00000000,1500,0.967246
100,0.500,0.8,1.200,10,148,100,0.00000000,1.00000000,0.44938526,1.00000000,2684,0.941392
100,0.500,1.2,0.500,10,148,100,0.00000000,0.00000000,0.00000000,0.00000000,214,0.995327
100,0.500,1.2,0.750,10,148,100,0.00000000,1.00000000,0.26581247,1.00000000,228,0.995021
100,0.500,1.2,0.900,10,148,100,0.00000000,1.00000000,0.30654761,1.00000000,582,0.987291
100,0.500,1.2,1.000,10,148,100,0.00000000,1.00000000,0.39108557,1.00000000,1462,0.968076
100,0.500,1.2,1.200,10,148,100,0.00000000,1.00000000,0.39871103,1.00000000,2688,0.941305
100,0.500,1.6,0.500,10,148,100,0.00000000,0.00000000,0.00000000,0.00000000,214,0.995327
100,0.500,1.6,0.750,10,148,100,0.00000000,1.00000000,0.49640564,1.00000000,218,0.995240
100,0.500,1.6,0.900,10,148,100,0.00000000,1.00000000,0.26530688,1.00000000,652,0.985763
100,0.500,1.6,1.000,10,148,100,0.00000000,1.00000000,0.43163349,1.00000000,1444,0.968469
100,0.500,1.6,1.200,10,148,100,0.00000000,1.00000000,0.33085929,1.00000000,2666,0.941785
100,0.500,2.0,0.500,10,148,100,0.00000000,0.00000000,0.00000000,0.00000000,214,0.995327
100,0.500,2.0,0.750,10,148,100,0.00000000,1.00000000,0.20739087,1.00000000,230,0.994978
100,0.500,2.0,0.900,10,148,100,0.00000000,1.00000000,0.31304634,1.00000000,610,0.986680
100,0.500,2.0,1.000,10,148,100,0.00000000,1.00000000,0.38114282,1.00000000,1418,0.969037
100,0.500,2.0,1.200,10,148,100,0.00000000,1.00000000,0.42833321,1.00000000,2706,0.940912
100,0.500,2.6,0.500,10,148,100,0.00000000,0.00000000,0.00000000,0.00000000,214,0.995327
100,0.500,2.6,0.750,10,148,100,0.00000000,1.00000000,0.39258196,1.00000000,220,0.995196
100,0.500,2.6,0.900,10,148,100,0.00000000,1.00000000,0.34202730,1.00000000,618,0.986505
100,0.500,2.6,1.000,10,148,100,0.00000000,1.00000000,0.36863828,1.00000000,1540,0.966373
100,0.500,2.6,1.200,10,148,100,0.00000000,1.00000000,0.35614425,1.00000000,2684,0.941392
100,0.500,3.2,0.500,10,148,5,0.00000000,1.00000000,0.36743784,1.00000000,602,0.986855
100,0.500,3.2,0.750,10,148,8,0.00000000,1.00000000,0.31212038,1.00000000,874,0.980915
100,0.500,3.2,0.900,10,148,14,0.00000000,1.00000000,0.33954446,1.00000000,1100,0.975980
100,0.500,3.2,1.000,10,148,17,0.00000000,1.00000000,0.31469127,1.00000000,1470,0.967901
100,0.500,3.2,1.200,10,148,14,0.00000000,1.00000000,0.40792790,1.00000000,2146,0.953140
100,0.700,0.8,0.500,10,76,100,0.00000000,0.00000000,0.00000000,0.00000000,110,0.990909
100,0.700,0.8,0.750,10,76,100,0.00000000,1.00000000,0.39847468,1.00000000,116,0.990413
100,0.700,0.8,0.900,10,76,100,0.00000000,1.00000000,0.29096536,1.00000000,296,0.975537
100,0.700,0.8,1.000,10,76,100,0.00000000,1.00000000,0.40208068,1.00000000,794,0.934380
100,0.700,0.8,1.200,10,76,100,0.00000000,1.00000000,0.36120179,1.00000000,1366,0.887107
100,0.700,1.2,0.500,10,76,100,0.00000000,0.00000000,0.00000000,0.00000000,110,0.990909
100,0.700,1.2,0.750,10,76,100,0.00000000,1.00000000,0.36637540,1.00000000,116,0.990413
100,0.700,1.2,0.900,10,76,100,0.00000000,1.00000000,0.28839605,1.00000000,342,0.971736
100,0.700,1.2,1.000,10,76,100,0.00000000,1.00000000,0.33608290,1.00000000,736,0.939174
100,0.700,1.2,1.200,10,76,100,0.00000000,1.00000000,0.35235851,1.00000000,1364,0.887273
100,0.700,1.6,0.500,10,76,100,0.00000000,0.00000000,0.00000000,0.00000000,110,0.990909
100,0.700,1.6,0.750,10,76,100,0.00000000,1.00000000,0.27326878,1.00000000,122,0.989917
100,0.700,1.6,0.900,10,76,100,0.00000000,1.00000000,0.28397992,1.00000000,336,0.972231
100,0.700,1.6,1.000,10,76,100,0.00000000,1.00000000,0.30457783,1.00000000,720,0.940496
100,0.700,1.6,1.200,10,76,100,0.00000000,1.00000000,0.32541253,1.00000000,1366,0.887107
100,0.700,2.0,0.500,10,76,100,0.00000000,0.00000000,0.00000000,0.00000000,110,0.990909
100,0.700,2.0,0.750,10,76,100,0.00000000,1.00000000,0.31860317,1.00000000,118,0.990248
100,0.700,2.0,0.900,10,76,100,0.00000000,1.00000000,0.33496033,1.00000000,332,0.972562
100,0.700,2.0,1.000,10,76,100,0.00000000,1.00000000,0.36735697,1.00000000,738,0.939008
100,0.700,2.0,1.200,10,76,100,0.00000000,1.00000000,0.35509601,1.00000000,1354,0.888099
100,0.700,2.6,0.500,10,76,40,0.00000000,0.00000000,0.00000000,0.00000000,110,0.990909
100,0.700,2.6,0.750,10,76,55,0.00000000,1.00000000,0.18204978,1.00000000,146,0.987934
100,0.700,2.6,0.900,10,76,70,0.00000000,1.00000000,0.15268308,1.00000000,398,0.967107
100,0.700,2.6,1.000,10,76,49,0.00000000,1.00000000,0.33203156,1.00000000,754,0.937686
100,0.700,2.6,1.200,10,76,51,0.00000000,1.00000000,0.38962718,1.00000000,1286,0.893719
100,0.700,3.2,0.500,10,76,4,0.00000000,1.00000000,0.30148940,1.00000000,334,0.972397
100,0.700,3.2,0.750,10,76,11,0.00000000,1.00000000,0.24574899,1.00000000,400,0.966942
100,0.700,3.2,0.900,10,76,8,0.00000000,1.00000000,0.26798790,1.00000000,636,0.947438
100,0.700,3.2,1.000,10,76,6,0.00000000,1.00000000,0.37792152,1.00000000,748,0.938182
100,0.700,3.2,1.200,10,76,10,0.00000000,1.00000000,0.33565940,1.00000000,1006,0.916860
