experiment,k,jl_eps,cluster_radius,lambda_eps,lambda_k,jl_dim,actual_clusters,items_assigned,lambda_min,lambda_max,lambda_mean,lambda_spread,graph_nnz,graph_sparsity,graph_density,build_time_s
1,25,0.500,1.6,1.50,20,104,25,800,0.00000000,1.00000000,0.33548147,1.00000000,2306,0.949646,0.050354,45.05
2,25,0.500,1.6,1.50,30,104,25,800,0.00000000,1.00000000,0.28478813,1.00000000,3492,0.923749,0.076251,45.30
3,25,0.500,1.6,1.50,50,104,25,800,0.00000000,1.00000000,0.17384889,1.00000000,5420,0.881649,0.118351,44.53
4,25,0.500,1.6,2.00,20,104,25,800,0.00000000,1.00000000,0.27804899,1.00000000,2298,0.949821,0.050179,44.52
5,25,0.500,1.6,2.00,30,104,25,800,0.00000000,1.00000000,0.19129803,1.00000000,3524,0.923050,0.076950,44.89
6,25,0.500,1.6,2.00,50,104,25,800,0.00000000,1.00000000,0.28001334,1.00000000,5468,0.880601,0.119399,44.40
7,25,0.500,1.6,2.50,20,104,25,800,0.00000000,1.00000000,0.34317262,1.00000000,2306,0.949646,0.050354,44.87
8,25,0.500,1.6,2.50,30,104,25,800,0.00000000,1.00000000,0.18253723,1.00000000,3526,0.923006,0.076994,44.50
9,25,0.500,1.6,2.50,50,104,25,800,0.00000000,1.00000000,0.26404611,1.00000000,5462,0.880732,0.119268,44.63
10,25,0.500,1.6,3.00,20,104,25,800,0.00000000,1.00000000,0.37652652,1.00000000,2298,0.949821,0.050179,44.85
11,25,0.500,1.6,3.00,30,104,25,800,0.00000000,1.00000000,0.24632090,1.00000000,3520,0.923137,0.076863,45.04
12,25,0.500,1.6,3.00,50,104,25,800,0.00000000,1.00000000,0.23322953,1.00000000,5446,0.881081,0.118919,47.43
13,25,0.500,1.6,4.00,20,104,25,800,0.00000000,1.00000000,0.33715032,1.00000000,2308,0.949603,0.050397,44.58
14,25,0.500,1.6,4.00,30,104,25,800,0.00000000,1.00000000,0.27061352,1.00000000,3526,0.923006,0.076994,44.47
15,25,0.500,1.6,4.00,50,104,25,800,0.00000000,1.00000000,0.28527772,1.00000000,5466,0.880645,0.119355,44.56
16,25,0.500,1.6,5.00,20,104,25,800,0.00000000,1.00000000,0.27875993,1.00000000,2302,0.949734,0.050266,44.44
17,25,0.500,1.6,5.00,30,104,25,800,0.00000000,1.00000000,0.21838524,1.00000000,3522,0.923094,0.076906,44.49
18,25,0.500,1.6,5.00,50,104,25,800,0.00000000,1.00000000,0.24929817,1.00000000,5458,0.880819,0.119181,44.59
19,25,0.500,2.0,1.50,20,104,25,800,0.00000000,1.00000000,0.26583214,1.00000000,2308,0.949603,0.050397,44.84
20,25,0.500,2.0,1.50,30,104,25,800,0.00000000,1.00000000,0.32246192,1.00000000,3506,0.923443,0.076557,44.88
21,25,0.500,2.0,1.50,50,104,25,800,0.00000000,1.00000000,0.35491109,1.00000000,5416,0.881736,0.118264,44.62
22,25,0.500,2.0,2.00,20,104,25,800,0.00000000,1.00000000,0.33063015,1.00000000,2302,0.949734,0.050266,44.49
23,25,0.500,2.0,2.00,30,104,25,800,0.00000000,1.00000000,0.28468498,1.00000000,3514,0.923268,0.076732,44.49
24,25,0.500,2.0,2.00,50,104,25,800,0.00000000,1.00000000,0.21267453,1.00000000,5472,0.880514,0.119486,44.56
25,25,0.500,2.0,2.50,20,104,25,800,0.00000000,1.00000000,0.33616494,1.00000000,2310,0.949559,0.050441,73.03
26,25,0.500,2.0,2.50,30,104,25,800,0.00000000,1.00000000,0.26785761,1.00000000,3526,0.923006,0.076994,88.15
27,25,0.500,2.0,2.50,50,104,25,800,0.00000000,1.00000000,0.26719289,1.00000000,5466,0.880645,0.119355,79.55
28,25,0.500,2.0,3.00,20,104,25,800,0.00000000,1.00000000,0.22766392,1.00000000,2306,0.949646,0.050354,85.98
29,25,0.500,2.0,3.00,30,104,25,800,0.00000000,1.00000000,0.27907138,1.00000000,3520,0.923137,0.076863,87.40
30,25,0.500,2.0,3.00,50,104,25,800,0.00000000,1.00000000,0.24449525,1.00000000,5464,0.880688,0.119312,86.41
31,25,0.500,2.0,4.00,20,104,25,800,0.00000000,1.00000000,0.35422476,1.00000000,2304,0.949690,0.050310,88.06
32,25,0.500,2.0,4.00,30,104,25,800,0.00000000,1.00000000,0.24940469,1.00000000,3518,0.923181,0.076819,86.72
33,25,0.500,2.0,4.00,50,104,25,800,0.00000000,1.00000000,0.19477863,1.00000000,5460,0.880776,0.119224,86.32
34,25,0.500,2.0,5.00,20,104,25,800,0.00000000,1.00000000,0.34648877,1.00000000,2306,0.949646,0.050354,85.74
35,25,0.500,2.0,5.00,30,104,25,800,0.00000000,1.00000000,0.30292549,1.00000000,3522,0.923094,0.076906,86.21
36,25,0.500,2.0,5.00,50,104,25,800,0.00000000,1.00000000,0.20430550,1.00000000,5464,0.880688,0.119312,86.49
37,25,0.500,2.5,1.50,20,104,25,800,0.00000000,1.00000000,0.23186799,1.00000000,2302,0.949734,0.050266,86.75
38,25,0.500,2.5,1.50,30,104,25,800,0.00000000,1.00000000,0.27084803,1.00000000,3482,0.923967,0.076033,86.82
39,25,0.500,2.5,1.50,50,104,25,800,0.00000000,1.00000000,0.33422121,1.00000000,5412,0.881824,0.118176,81.91
40,25,0.500,2.5,2.00,20,104,25,800,0.00000000,1.00000000,0.28877275,1.00000000,2302,0.949734,0.050266,86.65
41,25,0.500,2.5,2.00,30,104,25,800,0.00000000,1.00000000,0.28999878,1.00000000,3528,0.922963,0.077037,86.10
42,25,0.500,2.5,2.00,50,104,25,800,0.00000000,1.00000000,0.26100333,1.00000000,5468,0.880601,0.119399,88.98
43,25,0.500,2.5,2.50,20,104,25,800,0.00000000,1.00000000,0.27130172,1.00000000,2302,0.949734,0.050266,86.81
44,25,0.500,2.5,2.50,30,104,25,800,0.00000000,1.00000000,0.20634610,1.00000000,3522,0.923094,0.076906,86.67
45,25,0.500,2.5,2.50,50,104,25,800,0.00000000,1.00000000,0.20418073,1.00000000,5470,0.880557,0.119443,85.47
46,25,0.500,2.5,3.00,20,104,25,800,0.00000000,1.00000000,0.37617371,1.00000000,2304,0.949690,0.050310,87.54
47,25,0.500,2.5,3.00,30,104,25,800,0.00000000,1.00000000,0.35015512,1.00000000,3524,0.923050,0.076950,87.06
48,25,0.500,2.5,3.00,50,104,25,800,0.00000000,1.00000000,0.24603924,1.00000000,5460,0.880776,0.119224,87.46
49,25,0.500,2.5,4.00,20,104,25,800,0.00000000,1.00000000,0.29093447,1.00000000,2304,0.949690,0.050310,86.23
50,25,0.500,2.5,4.00,30,104,25,800,0.00000000,1.00000000,0.33980882,1.00000000,3518,0.923181,0.076819,87.14
51,25,0.500,2.5,4.00,50,104,25,800,0.00000000,1.00000000,0.29061867,1.00000000,5464,0.880688,0.119312,86.56
52,25,0.500,2.5,5.00,20,104,25,800,0.00000000,1.00000000,0.36124094,1.00000000,2302,0.949734,0.050266,87.11
53,25,0.500,2.5,5.00,30,104,25,800,0.00000000,1.00000000,0.30289241,1.00000000,3518,0.923181,0.076819,81.26
54,25,0.500,2.5,5.00,50,104,25,800,0.00000000,1.00000000,0.20952374,1.00000000,5476,0.880426,0.119574,89.09
55,25,0.500,3.0,1.50,20,104,25,800,0.00000000,1.00000000,0.29333896,1.00000000,2302,0.949734,0.050266,85.28
56,25,0.500,3.0,1.50,30,104,25,800,0.00000000,1.00000000,0.27970844,1.00000000,3502,0.923530,0.076470,87.24
57,25,0.500,3.0,1.50,50,104,11,800,0.00000000,1.00000000,0.27068290,1.00000000,5092,0.888811,0.111189,85.76
58,25,0.500,3.0,2.00,20,104,13,800,0.00000000,1.00000000,0.26885108,1.00000000,2300,0.949777,0.050223,86.69
59,25,0.500,3.0,2.00,30,104,21,800,0.00000000,1.00000000,0.29118560,1.00000000,3520,0.923137,0.076863,85.29
60,25,0.500,3.0,2.00,50,104,25,800,0.00000000,1.00000000,0.23404274,1.00000000,5462,0.880732,0.119268,86.74
61,25,0.500,3.0,2.50,20,104,18,800,0.00000000,1.00000000,0.32370151,1.00000000,2300,0.949777,0.050223,86.11
62,25,0.500,3.0,2.50,30,104,25,800,0.00000000,1.00000000,0.22755184,1.00000000,3520,0.923137,0.076863,87.73
63,25,0.500,3.0,2.50,50,104,25,800,0.00000000,1.00000000,0.17758920,1.00000000,5466,0.880645,0.119355,86.24
64,25,0.500,3.0,3.00,20,104,11,800,0.00000000,1.00000000,0.35013646,1.00000000,2304,0.949690,0.050310,89.31
65,25,0.500,3.0,3.00,30,104,25,800,0.00000000,1.00000000,0.27687731,1.00000000,3516,0.923225,0.076775,86.83
66,25,0.500,3.0,3.00,50,104,18,800,0.00000000,1.00000000,0.23240941,1.00000000,5472,0.880514,0.119486,85.92
67,25,0.500,3.0,4.00,20,104,25,800,0.00000000,1.00000000,0.41860546,1.00000000,2302,0.949734,0.050266,86.76
68,25,0.500,3.0,4.00,30,104,24,800,0.00000000,1.00000000,0.41862591,1.00000000,3520,0.923137,0.076863,85.72
69,25,0.500,3.0,4.00,50,104,24,800,0.00000000,1.00000000,0.28855340,1.00000000,5452,0.880950,0.119050,86.75
70,25,0.500,3.0,5.00,20,104,16,800,0.00000000,1.00000000,0.30528775,1.00000000,2302,0.949734,0.050266,86.51
71,25,0.500,3.0,5.00,30,104,25,800,0.00000000,1.00000000,0.33498826,1.00000000,3520,0.923137,0.076863,86.97
72,25,0.500,3.0,5.00,50,104,25,800,0.00000000,1.00000000,0.32090260,1.00000000,5468,0.880601,0.119399,86.12
73,25,0.600,1.6,1.50,20,72,25,800,0.00000000,1.00000000,0.27920888,1.00000000,1587,0.928517,0.071483,61.53
74,25,0.600,1.6,1.50,30,72,25,800,0.00000000,1.00000000,0.35030632,1.00000000,2403,0.891762,0.108238,62.41
75,25,0.600,1.6,1.50,50,72,25,800,0.00000000,1.00000000,0.13922971,1.00000000,3691,0.833746,0.166254,62.40
76,25,0.600,1.6,2.00,20,72,25,800,0.00000000,1.00000000,0.29747884,1.00000000,1591,0.928337,0.071663,60.77
77,25,0.600,1.6,2.00,30,72,25,800,0.00000000,1.00000000,0.26253079,1.00000000,2415,0.891221,0.108779,60.93
78,25,0.600,1.6,2.00,50,72,25,800,0.00000000,1.00000000,0.16101893,1.00000000,3705,0.833116,0.166884,61.57
79,25,0.600,1.6,2.50,20,72,25,800,0.00000000,1.00000000,0.33779588,1.00000000,1591,0.928337,0.071663,62.31
80,25,0.600,1.6,2.50,30,72,25,800,0.00000000,1.00000000,0.25828334,1.00000000,2415,0.891221,0.108779,61.13
81,25,0.600,1.6,2.50,50,72,25,800,0.00000000,1.00000000,0.24077689,1.00000000,3707,0.833026,0.166974,61.79
82,25,0.600,1.6,3.00,20,72,25,800,0.00000000,1.00000000,0.30304209,1.00000000,1591,0.928337,0.071663,62.45
83,25,0.600,1.6,3.00,30,72,25,800,0.00000000,1.00000000,0.23253033,1.00000000,2419,0.891041,0.108959,61.12
84,25,0.600,1.6,3.00,50,72,25,800,0.00000000,1.00000000,0.20897829,1.00000000,3717,0.832575,0.167425,61.23
85,25,0.600,1.6,4.00,20,72,25,800,0.00000000,1.00000000,0.37267790,1.00000000,1591,0.928337,0.071663,61.86
86,25,0.600,1.6,4.00,30,72,25,800,0.00000000,1.00000000,0.30799545,1.00000000,2415,0.891221,0.108779,60.65
87,25,0.600,1.6,4.00,50,72,25,800,0.00000000,1.00000000,0.28726628,1.00000000,3705,0.833116,0.166884,61.18
88,25,0.600,1.6,5.00,20,72,25,800,0.00000000,1.00000000,0.28857351,1.00000000,1591,0.928337,0.071663,61.68
89,25,0.600,1.6,5.00,30,72,25,800,0.00000000,1.00000000,0.24014888,1.00000000,2417,0.891131,0.108869,60.97
90,25,0.600,1.6,5.00,50,72,25,800,0.00000000,1.00000000,0.23011974,1.00000000,3705,0.833116,0.166884,62.04
91,25,0.600,2.0,1.50,20,72,25,800,0.00000000,1.00000000,0.35100097,1.00000000,1595,0.928156,0.071844,61.75
92,25,0.600,2.0,1.50,30,72,25,800,0.00000000,1.00000000,0.32799325,1.00000000,2387,0.892482,0.107518,62.37
93,25,0.600,2.0,1.50,50,72,25,800,0.00000000,1.00000000,0.27483734,1.00000000,3669,0.834737,0.165263,61.58
94,25,0.600,2.0,2.00,20,72,25,800,0.00000000,1.00000000,0.29913046,1.00000000,1591,0.928337,0.071663,60.84
95,25,0.600,2.0,2.00,30,72,25,800,0.00000000,1.00000000,0.29457309,1.00000000,2419,0.891041,0.108959,62.16
96,25,0.600,2.0,2.00,50,72,25,800,0.00000000,1.00000000,0.23045069,1.00000000,3711,0.832845,0.167155,60.06
97,25,0.600,2.0,2.50,20,72,25,800,0.00000000,1.00000000,0.29467190,1.00000000,1587,0.928517,0.071483,60.70
98,25,0.600,2.0,2.50,30,72,25,800,0.00000000,1.00000000,0.33081543,1.00000000,2415,0.891221,0.108779,62.18
99,25,0.600,2.0,2.50,50,72,25,800,0.00000000,1.00000000,0.28686541,1.00000000,3711,0.832845,0.167155,61.31
100,25,0.600,2.0,3.00,20,72,25,800,0.00000000,1.00000000,0.23947096,1.00000000,1583,0.928697,0.071303,61.47
101,25,0.600,2.0,3.00,30,72,25,800,0.00000000,1.00000000,0.32466657,1.00000000,2415,0.891221,0.108779,61.34
102,25,0.600,2.0,3.00,50,72,25,800,0.00000000,1.00000000,0.31290554,1.00000000,3709,0.832935,0.167065,62.38
103,25,0.600,2.0,4.00,20,72,25,800,0.00000000,1.00000000,0.33469084,1.00000000,1587,0.928517,0.071483,61.60
104,25,0.600,2.0,4.00,30,72,25,800,0.00000000,1.00000000,0.27152520,1.00000000,2417,0.891131,0.108869,61.23
105,25,0.600,2.0,4.00,50,72,25,800,0.00000000,1.00000000,0.32563328,1.00000000,3715,0.832665,0.167335,62.12
106,25,0.600,2.0,5.00,20,72,25,800,0.00000000,1.00000000,0.29393014,1.00000000,1589,0.928427,0.071573,60.94
107,25,0.600,2.0,5.00,30,72,25,800,0.00000000,1.00000000,0.29271439,1.00000000,2415,0.891221,0.108779,61.51
108,25,0.600,2.0,5.00,50,72,25,800,0.00000000,1.00000000,0.25103408,1.00000000,3701,0.833296,0.166704,62.51
109,25,0.600,2.5,1.50,20,72,25,800,0.00000000,1.00000000,0.32115803,1.00000000,1591,0.928337,0.071663,60.86
110,25,0.600,2.5,1.50,30,72,25,800,0.00000000,1.00000000,0.25524079,1.00000000,2393,0.892212,0.107788,61.77
111,25,0.600,2.5,1.50,50,72,25,800,0.00000000,1.00000000,0.30947261,1.00000000,3663,0.835007,0.164993,60.15
112,25,0.600,2.5,2.00,20,72,25,800,0.00000000,1.00000000,0.31772481,1.00000000,1589,0.928427,0.071573,62.43
113,25,0.600,2.5,2.00,30,72,25,800,0.00000000,1.00000000,0.22398953,1.00000000,2421,0.890951,0.109049,61.43
114,25,0.600,2.5,2.00,50,72,25,800,0.00000000,1.00000000,0.23890318,1.00000000,3707,0.833026,0.166974,60.76
115,25,0.600,2.5,2.50,20,72,25,800,0.00000000,1.00000000,0.30424386,1.00000000,1587,0.928517,0.071483,62.40
116,25,0.600,2.5,2.50,30,72,25,800,0.00000000,1.00000000,0.32377716,1.00000000,2419,0.891041,0.108959,61.29
117,25,0.600,2.5,2.50,50,72,25,800,0.00000000,1.00000000,0.26873072,1.00000000,3711,0.832845,0.167155,60.72
118,25,0.600,2.5,3.00,20,72,25,800,0.00000000,1.00000000,0.36062759,1.00000000,1585,0.928607,0.071393,62.57
119,25,0.600,2.5,3.00,30,72,25,800,0.00000000,1.00000000,0.28079457,1.00000000,2419,0.891041,0.108959,61.66
120,25,0.600,2.5,3.00,50,72,25,800,0.00000000,1.00000000,0.30749466,1.00000000,3701,0.833296,0.166704,61.31
121,25,0.600,2.5,4.00,20,72,25,800,0.00000000,1.00000000,0.33522789,1.00000000,1591,0.928337,0.071663,61.31
122,25,0.600,2.5,4.00,30,72,25,800,0.00000000,1.00000000,0.34533764,1.00000000,2413,0.891311,0.108689,61.98
123,25,0.600,2.5,4.00,50,72,25,800,0.00000000,1.00000000,0.29736300,1.00000000,3713,0.832755,0.167245,60.91
124,25,0.600,2.5,5.00,20,72,25,800,0.00000000,1.00000000,0.25759179,1.00000000,1591,0.928337,0.071663,60.64
125,25,0.600,2.5,5.00,30,72,25,800,0.00000000,1.00000000,0.30569544,1.00000000,2417,0.891131,0.108869,62.33
126,25,0.600,2.5,5.00,50,72,25,800,0.00000000,1.00000000,0.19878502,1.00000000,3715,0.832665,0.167335,61.22
127,25,0.600,3.0,1.50,20,72,25,800,0.00000000,1.00000000,0.34519141,1.00000000,1591,0.928337,0.071663,61.42
128,25,0.600,3.0,1.50,30,72,19,800,0.00000000,1.00000000,0.20488939,1.00000000,2377,0.892933,0.107067,62.74
129,25,0.600,3.0,1.50,50,72,7,800,0.00000000,1.00000000,0.22973123,1.00000000,3327,0.850142,0.149858,61.36
130,25,0.600,3.0,2.00,20,72,10,800,0.00000000,1.00000000,0.20305409,1.00000000,1589,0.928427,0.071573,62.45
131,25,0.600,3.0,2.00,30,72,8,800,0.00000000,1.00000000,0.23197004,1.00000000,2415,0.891221,0.108779,61.13
132,25,0.600,3.0,2.00,50,72,11,800,0.00000000,1.00000000,0.26310022,1.00000000,3711,0.832845,0.167155,62.47
133,25,0.600,3.0,2.50,20,72,16,800,0.00000000,1.00000000,0.32780098,1.00000000,1589,0.928427,0.071573,60.88
134,25,0.600,3.0,2.50,30,72,14,800,0.00000000,1.00000000,0.21965257,1.00000000,2409,0.891491,0.108509,61.11
135,25,0.600,3.0,2.50,50,72,14,800,0.00000000,1.00000000,0.28941497,1.00000000,3725,0.832215,0.167785,62.68
136,25,0.600,3.0,3.00,20,72,14,800,0.00000000,1.00000000,0.31869613,1.00000000,1587,0.928517,0.071483,61.72
137,25,0.600,3.0,3.00,30,72,11,800,0.00000000,1.00000000,0.25968158,1.00000000,2417,0.891131,0.108869,59.61
138,25,0.600,3.0,3.00,50,72,12,800,0.00000000,1.00000000,0.26220875,1.00000000,3707,0.833026,0.166974,62.05
139,25,0.600,3.0,4.00,20,72,18,800,0.00000000,1.00000000,0.32995120,1.00000000,1589,0.928427,0.071573,60.03
140,25,0.600,3.0,4.00,30,72,24,800,0.00000000,1.00000000,0.32763218,1.00000000,2413,0.891311,0.108689,59.89
141,25,0.600,3.0,4.00,50,72,10,800,0.00000000,1.00000000,0.20394217,1.00000000,3707,0.833026,0.166974,61.95
142,25,0.600,3.0,5.00,20,72,10,800,0.00000000,1.00000000,0.37151846,1.00000000,1591,0.928337,0.071663,61.61
143,25,0.600,3.0,5.00,30,72,17,800,0.00000000,1.00000000,0.24861046,1.00000000,2411,0.891401,0.108599,60.91
144,25,0.600,3.0,5.00,50,72,25,800,0.00000000,1.00000000,0.25603249,1.00000000,3703,0.833206,0.166794,62.46
145,25,0.700,1.6,1.50,20,53,25,800,0.00000000,1.00000000,0.27293738,1.00000000,1164,0.903802,0.096198,46.81
146,25,0.700,1.6,1.50,30,53,25,800,0.00000000,1.00000000,0.24930809,1.00000000,1742,0.856033,0.143967,45.94
147,25,0.700,1.6,1.50,50,53,25,800,0.00000000,1.00000000,0.22052873,1.00000000,2630,0.782645,0.217355,46.67
148,25,0.700,1.6,2.00,20,53,25,800,0.00000000,1.00000000,0.25200606,1.00000000,1162,0.903967,0.096033,45.85
149,25,0.700,1.6,2.00,30,53,25,800,0.00000000,1.00000000,0.22178140,1.00000000,1754,0.855041,0.144959,46.88
150,25,0.700,1.6,2.00,50,53,25,800,0.00000000,1.00000000,0.22374486,1.00000000,2652,0.780826,0.219174,45.49
151,25,0.700,1.6,2.50,20,53,25,800,0.00000000,1.00000000,0.31311352,1.00000000,1168,0.903471,0.096529,46.65
152,25,0.700,1.6,2.50,30,53,25,800,0.00000000,1.00000000,0.28451356,1.00000000,1750,0.855372,0.144628,48.17
153,25,0.700,1.6,2.50,50,53,25,800,0.00000000,1.00000000,0.23979718,1.00000000,2662,0.780000,0.220000,46.88
154,25,0.700,1.6,3.00,20,53,25,800,0.00000000,1.00000000,0.25069582,1.00000000,1164,0.903802,0.096198,45.50
155,25,0.700,1.6,3.00,30,53,25,800,0.00000000,1.00000000,0.32983428,1.00000000,1756,0.854876,0.145124,47.38
156,25,0.700,1.6,3.00,50,53,25,800,0.00000000,1.00000000,0.23545263,1.00000000,2652,0.780826,0.219174,45.80
157,25,0.700,1.6,4.00,20,53,25,800,0.00000000,1.00000000,0.19589601,1.00000000,1164,0.903802,0.096198,47.03
158,25,0.700,1.6,4.00,30,53,25,800,0.00000000,1.00000000,0.26691268,1.00000000,1756,0.854876,0.145124,45.91
159,25,0.700,1.6,4.00,50,53,25,800,0.00000000,1.00000000,0.29204749,1.00000000,2670,0.779339,0.220661,47.13
160,25,0.700,1.6,5.00,20,53,25,800,0.00000000,1.00000000,0.30860072,1.00000000,1160,0.904132,0.095868,46.65
161,25,0.700,1.6,5.00,30,53,25,800,0.00000000,1.00000000,0.23190954,1.00000000,1764,0.854215,0.145785,46.29
162,25,0.700,1.6,5.00,50,53,25,800,0.00000000,1.00000000,0.34553746,1.00000000,2642,0.781653,0.218347,46.91
163,25,0.700,2.0,1.50,20,53,25,800,0.00000000,1.00000000,0.26416148,1.00000000,1168,0.903471,0.096529,45.87
164,25,0.700,2.0,1.50,30,53,25,800,0.00000000,1.00000000,0.25500011,1.00000000,1742,0.856033,0.143967,46.83
165,25,0.700,2.0,1.50,50,53,25,800,0.00000000,1.00000000,0.33509639,1.00000000,2630,0.782645,0.217355,45.68
166,25,0.700,2.0,2.00,20,53,25,800,0.00000000,1.00000000,0.35288793,1.00000000,1162,0.903967,0.096033,47.00
167,25,0.700,2.0,2.00,30,53,25,800,0.00000000,1.00000000,0.23521599,1.00000000,1754,0.855041,0.144959,45.28
168,25,0.700,2.0,2.00,50,53,25,800,0.00000000,1.00000000,0.29721805,1.00000000,2666,0.779669,0.220331,47.48
169,25,0.700,2.0,2.50,20,53,25,800,0.00000000,1.00000000,0.33169970,1.00000000,1164,0.903802,0.096198,47.02
170,25,0.700,2.0,2.50,30,53,25,800,0.00000000,1.00000000,0.25015764,1.00000000,1754,0.855041,0.144959,48.96
171,25,0.700,2.0,2.50,50,53,25,800,0.00000000,1.00000000,0.29662236,1.00000000,2664,0.779835,0.220165,46.51
172,25,0.700,2.0,3.00,20,53,25,800,0.00000000,1.00000000,0.29990507,1.00000000,1162,0.903967,0.096033,46.75
173,25,0.700,2.0,3.00,30,53,25,800,0.00000000,1.00000000,0.23560848,1.00000000,1758,0.854711,0.145289,45.58
174,25,0.700,2.0,3.00,50,53,25,800,0.00000000,1.00000000,0.23524432,1.00000000,2664,0.779835,0.220165,45.92
175,25,0.700,2.0,4.00,20,53,25,800,0.00000000,1.00000000,0.25585012,1.00000000,1164,0.903802,0.096198,46.82
176,25,0.700,2.0,4.00,30,53,25,800,0.00000000,1.00000000,0.31061654,1.00000000,1758,0.854711,0.145289,45.25
177,25,0.700,2.0,4.00,50,53,25,800,0.00000000,1.00000000,0.19189738,1.00000000,2656,0.780496,0.219504,46.85
178,25,0.700,2.0,5.00,20,53,25,800,0.00000000,1.00000000,0.26126748,1.00000000,1164,0.903802,0.096198,45.89
179,25,0.700,2.0,5.00,30,53,25,800,0.00000000,1.00000000,0.29085503,1.00000000,1750,0.855372,0.144628,47.19
180,25,0.700,2.0,5.00,50,53,25,800,0.00000000,1.00000000,0.20651524,1.00000000,2666,0.779669,0.220331,45.46
181,25,0.700,2.5,1.50,20,53,25,800,0.00000000,1.00000000,0.26589202,1.00000000,1160,0.904132,0.095868,47.00
182,25,0.700,2.5,1.50,30,53,25,800,0.00000000,1.00000000,0.27352731,1.00000000,1732,0.856860,0.143140,46.67
183,25,0.700,2.5,1.50,50,53,25,800,0.00000000,1.00000000,0.27967396,1.00000000,2644,0.781488,0.218512,47.53
184,25,0.700,2.5,2.00,20,53,25,800,0.00000000,1.00000000,0.35986270,1.00000000,1162,0.903967,0.096033,41.89
185,25,0.700,2.5,2.00,30,53,25,800,0.00000000,1.00000000,0.27715253,1.00000000,1746,0.855702,0.144298,46.79
186,25,0.700,2.5,2.00,50,53,25,800,0.00000000,1.00000000,0.27913204,1.00000000,2662,0.780000,0.220000,47.85
187,25,0.700,2.5,2.50,20,53,25,800,0.00000000,1.00000000,0.31777759,1.00000000,1166,0.903636,0.096364,47.31
188,25,0.700,2.5,2.50,30,53,25,800,0.00000000,1.00000000,0.25950435,1.00000000,1756,0.854876,0.145124,45.91
189,25,0.700,2.5,2.50,50,53,25,800,0.00000000,1.00000000,0.26438652,1.00000000,2650,0.780992,0.219008,47.80
190,25,0.700,2.5,3.00,20,53,25,800,0.00000000,1.00000000,0.36762005,1.00000000,1168,0.903471,0.096529,46.11
191,25,0.700,2.5,3.00,30,53,25,800,0.00000000,1.00000000,0.30930088,1.00000000,1756,0.854876,0.145124,46.55
192,25,0.700,2.5,3.00,50,53,25,800,0.00000000,1.00000000,0.24882679,1.00000000,2652,0.780826,0.219174,46.90
193,25,0.700,2.5,4.00,20,53,25,800,0.00000000,1.00000000,0.30010377,1.00000000,1166,0.903636,0.096364,45.75
194,25,0.700,2.5,4.00,30,53,25,800,0.00000000,1.00000000,0.28111759,1.00000000,1756,0.854876,0.145124,48.03
195,25,0.700,2.5,4.00,50,53,25,800,0.00000000,1.00000000,0.27212929,1.00000000,2652,0.780826,0.219174,45.72
196,25,0.700,2.5,5.00,20,53,25,800,0.00000000,1.00000000,0.27862490,1.00000000,1166,0.903636,0.096364,46.52
197,25,0.700,2.5,5.00,30,53,25,800,0.00000000,1.00000000,0.31043408,1.00000000,1752,0.855207,0.144793,46.78
198,25,0.700,2.5,5.00,50,53,25,800,0.00000000,1.00000000,0.27577676,1.00000000,2664,0.779835,0.220165,46.82
199,25,0.700,3.0,1.50,20,53,19,800,0.00000000,1.00000000,0.33970680,1.00000000,1162,0.903967,0.096033,44.75
200,25,0.700,3.0,1.50,30,53,20,800,0.00000000,1.00000000,0.35465880,1.00000000,1736,0.856529,0.143471,47.04
201,25,0.700,3.0,1.50,50,53,13,800,0.00000000,1.00000000,0.28376263,1.00000000,2554,0.788926,0.211074,47.44
202,25,0.700,3.0,2.00,20,53,13,800,0.00000000,1.00000000,0.25051491,1.00000000,1168,0.903471,0.096529,46.64
203,25,0.700,3.0,2.00,30,53,15,800,0.00000000,1.00000000,0.26123339,1.00000000,1756,0.854876,0.145124,45.28
204,25,0.700,3.0,2.00,50,53,13,800,0.00000000,1.00000000,0.31599518,1.00000000,2660,0.780165,0.219835,47.00
205,25,0.700,3.0,2.50,20,53,2,800,0.00000000,1.00000000,0.34518783,1.00000000,1160,0.904132,0.095868,45.90
206,25,0.700,3.0,2.50,30,53,10,800,0.00000000,1.00000000,0.25460716,1.00000000,1744,0.855868,0.144132,46.92
207,25,0.700,3.0,2.50,50,53,11,800,0.00000000,1.00000000,0.24768438,1.00000000,2668,0.779504,0.220496,46.31
208,25,0.700,3.0,3.00,20,53,17,800,0.00000000,1.00000000,0.29135836,1.00000000,1168,0.903471,0.096529,45.70
209,25,0.700,3.0,3.00,30,53,8,800,0.00000000,1.00000000,0.28784415,1.00000000,1744,0.855868,0.144132,47.03
210,25,0.700,3.0,3.00,50,53,19,800,0.00000000,1.00000000,0.24471505,1.00000000,2666,0.779669,0.220331,41.00
211,25,0.700,3.0,4.00,20,53,8,800,0.00000000,1.00000000,0.28430536,1.00000000,1162,0.903967,0.096033,46.42
212,25,0.700,3.0,4.00,30,53,7,800,0.00000000,1.00000000,0.22564279,1.00000000,1758,0.854711,0.145289,46.05
213,25,0.700,3.0,4.00,50,53,21,800,0.00000000,1.00000000,0.34132159,1.00000000,2664,0.779835,0.220165,46.89
214,25,0.700,3.0,5.00,20,53,7,800,0.00000000,1.00000000,0.28361294,1.00000000,1164,0.903802,0.096198,45.26
215,25,0.700,3.0,5.00,30,53,13,800,0.00000000,1.00000000,0.28583789,1.00000000,1760,0.854545,0.145455,46.80
216,25,0.700,3.0,5.00,50,53,18,800,0.00000000,1.00000000,0.22237483,1.00000000,2650,0.780992,0.219008,46.45
217,50,0.500,1.6,1.50,20,126,50,800,0.00000000,1.00000000,0.29570033,1.00000000,2304,0.949690,0.050310,86.56
218,50,0.500,1.6,1.50,30,126,50,800,0.00000000,1.00000000,0.26260399,1.00000000,3522,0.923094,0.076906,89.34
219,50,0.500,1.6,1.50,50,126,50,800,0.00000000,1.00000000,0.21415853,1.00000000,5466,0.880645,0.119355,85.21
220,50,0.500,1.6,2.00,20,126,50,800,0.00000000,1.00000000,0.35981565,1.00000000,2308,0.949603,0.050397,87.54
221,50,0.500,1.6,2.00,30,126,50,800,0.00000000,1.00000000,0.34778975,1.00000000,3526,0.923006,0.076994,85.90
222,50,0.500,1.6,2.00,50,126,50,800,0.00000000,1.00000000,0.13684500,1.00000000,5462,0.880732,0.119268,87.19
223,50,0.500,1.6,2.50,20,126,50,800,0.00000000,1.00000000,0.28950033,1.00000000,2304,0.949690,0.050310,86.03
224,50,0.500,1.6,2.50,30,126,50,800,0.00000000,1.00000000,0.24866583,1.00000000,3526,0.923006,0.076994,86.87
225,50,0.500,1.6,2.50,50,126,50,800,0.00000000,1.00000000,0.33169389,1.00000000,5460,0.880776,0.119224,86.56
226,50,0.500,1.6,3.00,20,126,50,800,0.00000000,1.00000000,0.23787542,1.00000000,2298,0.949821,0.050179,87.48
227,50,0.500,1.6,3.00,30,126,50,800,0.00000000,1.00000000,0.23449052,1.00000000,3520,0.923137,0.076863,86.78
228,50,0.500,1.6,3.00,50,126,50,800,0.00000000,1.00000000,0.27197123,1.00000000,5462,0.880732,0.119268,88.73
229,50,0.500,1.6,4.00,20,126,50,800,0.00000000,1.00000000,0.34261862,1.00000000,2306,0.949646,0.050354,81.67
230,50,0.500,1.6,4.00,30,126,50,800,0.00000000,1.00000000,0.27836862,1.00000000,3518,0.923181,0.076819,87.26
231,50,0.500,1.6,4.00,50,126,50,800,0.00000000,1.00000000,0.26995534,1.00000000,5466,0.880645,0.119355,86.24
232,50,0.500,1.6,5.00,20,126,50,800,0.00000000,1.00000000,0.24399876,1.00000000,2310,0.949559,0.050441,85.46
233,50,0.500,1.6,5.00,30,126,50,800,0.00000000,1.00000000,0.24492282,1.00000000,3518,0.923181,0.076819,87.05
234,50,0.500,1.6,5.00,50,126,50,800,0.00000000,1.00000000,0.26783311,1.00000000,5468,0.880601,0.119399,85.75
235,50,0.500,2.0,1.50,20,126,50,800,0.00000000,1.00000000,0.39031616,1.00000000,2306,0.949646,0.050354,86.18
236,50,0.500,2.0,1.50,30,126,50,800,0.00000000,1.00000000,0.29347528,1.00000000,3514,0.923268,0.076732,86.91
237,50,0.500,2.0,1.50,50,126,50,800,0.00000000,1.00000000,0.22442869,1.00000000,5464,0.880688,0.119312,85.30
238,50,0.500,2.0,2.00,20,126,50,800,0.00000000,1.00000000,0.34329244,1.00000000,2306,0.949646,0.050354,87.03
239,50,0.500,2.0,2.00,30,126,50,800,0.00000000,1.00000000,0.29110958,1.00000000,3520,0.923137,0.076863,85.74
240,50,0.500,2.0,2.00,50,126,50,800,0.00000000,1.00000000,0.28293727,1.00000000,5456,0.880863,0.119137,86.70
241,50,0.500,2.0,2.50,20,126,50,800,0.00000000,1.00000000,0.32672492,1.00000000,2304,0.949690,0.050310,86.55
242,50,0.500,2.0,2.50,30,126,50,800,0.00000000,1.00000000,0.30889805,1.00000000,3528,0.922963,0.077037,88.33
243,50,0.500,2.0,2.50,50,126,50,800,0.00000000,1.00000000,0.23708249,1.00000000,5464,0.880688,0.119312,89.22
244,50,0.500,2.0,3.00,20,126,50,800,0.00000000,1.00000000,0.28509881,1.00000000,2304,0.949690,0.050310,86.08
245,50,0.500,2.0,3.00,30,126,50,800,0.00000000,1.00000000,0.18400170,1.00000000,3520,0.923137,0.076863,85.39
246,50,0.500,2.0,3.00,50,126,50,800,0.00000000,1.00000000,0.29725156,1.00000000,5468,0.880601,0.119399,87.17
247,50,0.500,2.0,4.00,20,126,50,800,0.00000000,1.00000000,0.31874119,1.00000000,2306,0.949646,0.050354,85.82
248,50,0.500,2.0,4.00,30,126,50,800,0.00000000,1.00000000,0.25817178,1.00000000,3524,0.923050,0.076950,86.77
249,50,0.500,2.0,4.00,50,126,50,800,0.00000000,1.00000000,0.21792891,1.00000000,5464,0.880688,0.119312,86.78
250,50,0.500,2.0,5.00,20,126,50,800,0.00000000,1.00000000,0.37577453,1.00000000,2306,0.949646,0.050354,83.63
251,50,0.500,2.0,5.00,30,126,50,800,0.00000000,1.00000000,0.32637661,1.00000000,3524,0.923050,0.076950,86.88
252,50,0.500,2.0,5.00,50,126,50,800,0.00000000,1.00000000,0.34696824,1.00000000,5458,0.880819,0.119181,86.42
253,50,0.500,2.5,1.50,20,126,50,800,0.00000000,1.00000000,0.30527353,1.00000000,2308,0.949603,0.050397,86.04
254,50,0.500,2.5,1.50,30,126,50,800,0.00000000,1.00000000,0.26662725,1.00000000,3518,0.923181,0.076819,86.64
255,50,0.500,2.5,1.50,50,126,50,800,0.00000000,1.00000000,0.32510062,1.00000000,5454,0.880907,0.119093,85.95
256,50,0.500,2.5,2.00,20,126,50,800,0.00000000,1.00000000,0.30592992,1.00000000,2304,0.949690,0.050310,87.32
257,50,0.500,2.5,2.00,30,126,50,800,0.00000000,1.00000000,0.30513109,1.00000000,3528,0.922963,0.077037,86.65
258,50,0.500,2.5,2.00,50,126,50,800,0.00000000,1.00000000,0.32431367,1.00000000,5464,0.880688,0.119312,87.20
259,50,0.500,2.5,2.50,20,126,50,800,0.00000000,1.00000000,0.25534588,1.00000000,2308,0.949603,0.050397,82.93
260,50,0.500,2.5,2.50,30,126,50,800,0.00000000,1.00000000,0.33380080,1.00000000,3516,0.923225,0.076775,87.14
261,50,0.500,2.5,2.50,50,126,50,800,0.00000000,1.00000000,0.27981989,1.00000000,5476,0.880426,0.119574,88.53
262,50,0.500,2.5,3.00,20,126,50,800,0.00000000,1.00000000,0.26071260,1.00000000,2300,0.949777,0.050223,89.47
263,50,0.500,2.5,3.00,30,126,50,800,0.00000000,1.00000000,0.21011461,1.00000000,3522,0.923094,0.076906,98.83
264,50,0.500,2.5,3.00,50,126,50,800,0.00000000,1.00000000,0.31824033,1.00000000,5470,0.880557,0.119443,86.57
265,50,0.500,2.5,4.00,20,126,50,800,0.00000000,1.00000000,0.35278782,1.00000000,2308,0.949603,0.050397,88.47
266,50,0.500,2.5,4.00,30,126,50,800,0.00000000,1.00000000,0.35597705,1.00000000,3518,0.923181,0.076819,88.84
267,50,0.500,2.5,4.00,50,126,50,800,0.00000000,1.00000000,0.21282430,1.00000000,5476,0.880426,0.119574,85.77
268,50,0.500,2.5,5.00,20,126,50,800,0.00000000,1.00000000,0.28109726,1.00000000,2302,0.949734,0.050266,88.27
269,50,0.500,2.5,5.00,30,126,50,800,0.00000000,1.00000000,0.34536528,1.00000000,3518,0.923181,0.076819,85.58
270,50,0.500,2.5,5.00,50,126,50,800,0.00000000,1.00000000,0.24838854,1.00000000,5466,0.880645,0.119355,86.68
271,50,0.500,3.0,1.50,20,126,25,800,0.00000000,1.00000000,0.25340179,1.00000000,2306,0.949646,0.050354,85.18
272,50,0.500,3.0,1.50,30,126,26,800,0.00000000,1.00000000,0.24219170,1.00000000,3494,0.923705,0.076295,110.72
273,50,0.500,3.0,1.50,50,126,28,800,0.00000000,1.00000000,0.28407572,1.00000000,5410,0.881867,0.118133,109.28
274,50,0.500,3.0,2.00,20,126,5,800,0.00000000,1.00000000,0.28854920,1.00000000,2310,0.949559,0.050441,106.42
275,50,0.500,3.0,2.00,30,126,16,800,0.00000000,1.00000000,0.23150522,1.00000000,3520,0.923137,0.076863,105.44
276,50,0.500,3.0,2.00,50,126,22,800,0.00000000,1.00000000,0.29772001,1.00000000,5476,0.880426,0.119574,86.87
277,50,0.500,3.0,2.50,20,126,46,800,0.00000000,1.00000000,0.29087577,1.00000000,2308,0.949603,0.050397,87.15
278,50,0.500,3.0,2.50,30,126,26,800,0.00000000,1.00000000,0.28685905,1.00000000,3532,0.922875,0.077125,89.38
279,50,0.500,3.0,2.50,50,126,12,800,0.00000000,1.00000000,0.26981917,1.00000000,5462,0.880732,0.119268,87.70
280,50,0.500,3.0,3.00,20,126,26,800,0.00000000,1.00000000,0.32868346,1.00000000,2302,0.949734,0.050266,86.34
281,50,0.500,3.0,3.00,30,126,34,800,0.00000000,1.00000000,0.26219419,1.00000000,3518,0.923181,0.076819,86.92
282,50,0.500,3.0,3.00,50,126,30,800,0.00000000,1.00000000,0.24082518,1.00000000,5468,0.880601,0.119399,90.20
283,50,0.500,3.0,4.00,20,126,15,800,0.00000000,1.00000000,0.29445963,1.00000000,2304,0.949690,0.050310,87.40
284,50,0.500,3.0,4.00,30,126,25,800,0.00000000,1.00000000,0.26048904,1.00000000,3522,0.923094,0.076906,84.40
285,50,0.500,3.0,4.00,50,126,31,800,0.00000000,1.00000000,0.24671822,1.00000000,5456,0.880863,0.119137,87.14
286,50,0.500,3.0,5.00,20,126,21,800,0.00000000,1.00000000,0.36444864,1.00000000,2306,0.949646,0.050354,86.19
287,50,0.500,3.0,5.00,30,126,17,800,0.00000000,1.00000000,0.23180219,1.00000000,3522,0.923094,0.076906,84.64
288,50,0.500,3.0,5.00,50,126,24,800,0.00000000,1.00000000,0.25796941,1.00000000,5458,0.880819,0.119181,87.22
289,50,0.600,1.6,1.50,20,87,50,800,0.00000000,1.00000000,0.32091495,1.00000000,1591,0.928337,0.071663,60.67
290,50,0.600,1.6,1.50,30,87,50,800,0.00000000,1.00000000,0.24399586,1.00000000,2419,0.891041,0.108959,61.15
291,50,0.600,1.6,1.50,50,87,50,800,0.00000000,1.00000000,0.23713639,1.00000000,3709,0.832935,0.167065,60.43
292,50,0.600,1.6,2.00,20,87,50,800,0.00000000,1.00000000,0.32554351,1.00000000,1591,0.928337,0.071663,61.32
293,50,0.600,1.6,2.00,30,87,50,800,0.00000000,1.00000000,0.27787470,1.00000000,2427,0.890681,0.109319,61.63
294,50,0.600,1.6,2.00,50,87,50,800,0.00000000,1.00000000,0.33076908,1.00000000,3715,0.832665,0.167335,63.50
295,50,0.600,1.6,2.50,20,87,50,800,0.00000000,1.00000000,0.35889595,1.00000000,1597,0.928066,0.071934,60.94
296,50,0.600,1.6,2.50,30,87,50,800,0.00000000,1.00000000,0.29564069,1.00000000,2417,0.891131,0.108869,61.24
297,50,0.600,1.6,2.50,50,87,50,800,0.00000000,1.00000000,0.30473496,1.00000000,3711,0.832845,0.167155,61.47
298,50,0.600,1.6,3.00,20,87,50,800,0.00000000,1.00000000,0.35873830,1.00000000,1585,0.928607,0.071393,61.14
299,50,0.600,1.6,3.00,30,87,50,800,0.00000000,1.00000000,0.28520331,1.00000000,2421,0.890951,0.109049,60.76
300,50,0.600,1.6,3.00,50,87,50,800,0.00000000,1.00000000,0.23082048,1.00000000,3707,0.833026,0.166974,62.56
301,50,0.600,1.6,4.00,20,87,50,800,0.00000000,1.00000000,0.21814611,1.00000000,1591,0.928337,0.071663,60.03
302,50,0.600,1.6,4.00,30,87,50,800,0.00000000,1.00000000,0.27045210,1.00000000,2417,0.891131,0.108869,61.25
303,50,0.600,1.6,4.00,50,87,50,800,0.00000000,1.00000000,0.24828089,1.00000000,3699,0.833386,0.166614,61.11
304,50,0.600,1.6,5.00,20,87,50,800,0.00000000,1.00000000,0.20450571,1.00000000,1585,0.928607,0.071393,62.65
305,50,0.600,1.6,5.00,30,87,50,800,0.00000000,1.00000000,0.21058141,1.00000000,2421,0.890951,0.109049,61.17
306,50,0.600,1.6,5.00,50,87,50,800,0.00000000,1.00000000,0.32836128,1.00000000,3711,0.832845,0.167155,61.32
307,50,0.600,2.0,1.50,20,87,50,800,0.00000000,1.00000000,0.21593826,1.00000000,1589,0.928427,0.071573,61.19
308,50,0.600,2.0,1.50,30,87,50,800,0.00000000,1.00000000,0.26650574,1.00000000,2411,0.891401,0.108599,61.26
309,50,0.600,2.0,1.50,50,87,50,800,0.00000000,1.00000000,0.28625321,1.00000000,3707,0.833026,0.166974,60.82
310,50,0.600,2.0,2.00,20,87,50,800,0.00000000,1.00000000,0.24350480,1.00000000,1591,0.928337,0.071663,61.17
311,50,0.600,2.0,2.00,30,87,50,800,0.00000000,1.00000000,0.30125042,1.00000000,2415,0.891221,0.108779,60.49
312,50,0.600,2.0,2.00,50,87,50,800,0.00000000,1.00000000,0.26966037,1.00000000,3699,0.833386,0.166614,62.83
313,50,0.600,2.0,2.50,20,87,50,800,0.00000000,1.00000000,0.32656847,1.00000000,1589,0.928427,0.071573,60.73
314,50,0.600,2.0,2.50,30,87,50,800,0.00000000,1.00000000,0.25036362,1.00000000,2413,0.891311,0.108689,60.50
315,50,0.600,2.0,2.50,50,87,50,800,0.00000000,1.00000000,0.26142682,1.00000000,3707,0.833026,0.166974,61.62
316,50,0.600,2.0,3.00,20,87,50,800,0.00000000,1.00000000,0.22721690,1.00000000,1591,0.928337,0.071663,61.18
317,50,0.600,2.0,3.00,30,87,50,800,0.00000000,1.00000000,0.21381933,1.00000000,2417,0.891131,0.108869,61.22
318,50,0.600,2.0,3.00,50,87,50,800,0.00000000,1.00000000,0.37676964,1.00000000,3721,0.832395,0.167605,61.46
319,50,0.600,2.0,4.00,20,87,50,800,0.00000000,1.00000000,0.36511965,1.00000000,1587,0.928517,0.071483,60.78
320,50,0.600,2.0,4.00,30,87,50,800,0.00000000,1.00000000,0.34800516,1.00000000,2415,0.891221,0.108779,61.43
321,50,0.600,2.0,4.00,50,87,50,800,0.00000000,1.00000000,0.29322182,1.00000000,3709,0.832935,0.167065,60.51
322,50,0.600,2.0,5.00,20,87,50,800,0.00000000,1.00000000,0.21284469,1.00000000,1587,0.928517,0.071483,61.82
323,50,0.600,2.0,5.00,30,87,50,800,0.00000000,1.00000000,0.27548542,1.00000000,2413,0.891311,0.108689,61.64
324,50,0.600,2.0,5.00,50,87,50,800,0.00000000,1.00000000,0.24819266,1.00000000,3707,0.833026,0.166974,61.38
325,50,0.600,2.5,1.50,20,87,50,800,0.00000000,1.00000000,0.20625370,1.00000000,1593,0.928246,0.071754,60.75
326,50,0.600,2.5,1.50,30,87,50,800,0.00000000,1.00000000,0.21003454,1.00000000,2413,0.891311,0.108689,61.47
327,50,0.600,2.5,1.50,50,87,50,800,0.00000000,1.00000000,0.32982825,1.00000000,3709,0.832935,0.167065,62.37
328,50,0.600,2.5,2.00,20,87,50,800,0.00000000,1.00000000,0.37631196,1.00000000,1589,0.928427,0.071573,61.48
329,50,0.600,2.5,2.00,30,87,50,800,0.00000000,1.00000000,0.24176840,1.00000000,2413,0.891311,0.108689,61.03
330,50,0.600,2.5,2.00,50,87,50,800,0.00000000,1.00000000,0.28225628,1.00000000,3709,0.832935,0.167065,60.84
331,50,0.600,2.5,2.50,20,87,50,800,0.00000000,1.00000000,0.25334217,1.00000000,1585,0.928607,0.071393,60.52
332,50,0.600,2.5,2.50,30,87,50,800,0.00000000,1.00000000,0.28720529,1.00000000,2421,0.890951,0.109049,61.83
333,50,0.600,2.5,2.50,50,87,50,800,0.00000000,1.00000000,0.19515806,1.00000000,3709,0.832935,0.167065,62.02
334,50,0.600,2.5,3.00,20,87,50,800,0.00000000,1.00000000,0.27871384,1.00000000,1591,0.928337,0.071663,63.48
335,50,0.600,2.5,3.00,30,87,50,800,0.00000000,1.00000000,0.31016255,1.00000000,2417,0.891131,0.108869,61.32
336,50,0.600,2.5,3.00,50,87,50,800,0.00000000,1.00000000,0.24775507,1.00000000,3705,0.833116,0.166884,61.50
337,50,0.600,2.5,4.00,20,87,50,800,0.00000000,1.00000000,0.34151005,1.00000000,1593,0.928246,0.071754,60.19
338,50,0.600,2.5,4.00,30,87,50,800,0.00000000,1.00000000,0.27842047,1.00000000,2415,0.891221,0.108779,61.38
339,50,0.600,2.5,4.00,50,87,50,800,0.00000000,1.00000000,0.21070518,1.00000000,3717,0.832575,0.167425,61.08
340,50,0.600,2.5,5.00,20,87,50,800,0.00000000,1.00000000,0.27624767,1.00000000,1587,0.928517,0.071483,60.78
341,50,0.600,2.5,5.00,30,87,50,800,0.00000000,1.00000000,0.19797419,1.00000000,2425,0.890771,0.109229,61.23
342,50,0.600,2.5,5.00,50,87,50,800,0.00000000,1.00000000,0.27103652,1.00000000,3707,0.833026,0.166974,61.30
343,50,0.600,3.0,1.50,20,87,2,800,0.00000000,1.00000000,0.18151695,1.00000000,2237,0.899239,0.100761,61.82
344,50,0.600,3.0,1.50,30,87,26,800,0.00000000,1.00000000,0.31468682,1.00000000,2407,0.891581,0.108419,61.16
345,50,0.600,3.0,1.50,50,87,14,800,0.00000000,1.00000000,0.22964513,1.00000000,3565,0.839422,0.160578,61.22
346,50,0.600,3.0,2.00,20,87,7,800,0.00000000,1.00000000,0.31560357,1.00000000,1587,0.928517,0.071483,60.84
347,50,0.600,3.0,2.00,30,87,11,800,0.00000000,1.00000000,0.22595511,1.00000000,2417,0.891131,0.108869,61.52
348,50,0.600,3.0,2.00,50,87,12,800,0.00000000,1.00000000,0.20260479,1.00000000,3713,0.832755,0.167245,60.22
349,50,0.600,3.0,2.50,20,87,7,800,0.00000000,1.00000000,0.25090112,1.00000000,1591,0.928337,0.071663,61.44
350,50,0.600,3.0,2.50,30,87,5,800,0.00000000,1.00000000,0.19606309,1.00000000,2411,0.891401,0.108599,61.09
351,50,0.600,3.0,2.50,50,87,27,800,0.00000000,1.00000000,0.28767205,1.00000000,3707,0.833026,0.166974,60.71
352,50,0.600,3.0,3.00,20,87,33,800,0.00000000,1.00000000,0.22923413,1.00000000,1585,0.928607,0.071393,61.18
353,50,0.600,3.0,3.00,30,87,34,800,0.00000000,1.00000000,0.24190668,1.00000000,2413,0.891311,0.108689,61.07
354,50,0.600,3.0,3.00,50,87,11,800,0.00000000,1.00000000,0.22571377,1.00000000,3701,0.833296,0.166704,61.33
355,50,0.600,3.0,4.00,20,87,15,800,0.00000000,1.00000000,0.25697507,1.00000000,1591,0.928337,0.071663,60.34
356,50,0.600,3.0,4.00,30,87,7,800,0.00000000,1.00000000,0.30910308,1.00000000,2419,0.891041,0.108959,60.85
357,50,0.600,3.0,4.00,50,87,9,800,0.00000000,1.00000000,0.19966641,1.00000000,3717,0.832575,0.167425,61.23
358,50,0.600,3.0,5.00,20,87,25,800,0.00000000,1.00000000,0.32812651,1.00000000,1593,0.928246,0.071754,60.02
359,50,0.600,3.0,5.00,30,87,12,800,0.00000000,1.00000000,0.28395536,1.00000000,2413,0.891311,0.108689,60.22
360,50,0.600,3.0,5.00,50,87,7,800,0.00000000,1.00000000,0.25161874,1.00000000,3709,0.832935,0.167065,61.41
361,50,0.700,1.6,1.50,20,64,50,800,0.00000000,1.00000000,0.33528703,1.00000000,1164,0.903802,0.096198,45.91
362,50,0.700,1.6,1.50,30,64,50,800,0.00000000,1.00000000,0.31217810,1.00000000,1754,0.855041,0.144959,46.48
363,50,0.700,1.6,1.50,50,64,50,800,0.00000000,1.00000000,0.26684749,1.00000000,2660,0.780165,0.219835,46.02
364,50,0.700,1.6,2.00,20,64,50,800,0.00000000,1.00000000,0.25734739,1.00000000,1168,0.903471,0.096529,46.29
365,50,0.700,1.6,2.00,30,64,50,800,0.00000000,1.00000000,0.27889252,1.00000000,1758,0.854711,0.145289,45.93
366,50,0.700,1.6,2.00,50,64,50,800,0.00000000,1.00000000,0.24003498,1.00000000,2664,0.779835,0.220165,45.83
367,50,0.700,1.6,2.50,20,64,50,800,0.00000000,1.00000000,0.30122604,1.00000000,1160,0.904132,0.095868,45.40
368,50,0.700,1.6,2.50,30,64,50,800,0.00000000,1.00000000,0.35720672,1.00000000,1754,0.855041,0.144959,47.51
369,50,0.700,1.6,2.50,50,64,50,800,0.00000000,1.00000000,0.24957497,1.00000000,2664,0.779835,0.220165,45.96
370,50,0.700,1.6,3.00,20,64,50,800,0.00000000,1.00000000,0.29215314,1.00000000,1166,0.903636,0.096364,46.31
371,50,0.700,1.6,3.00,30,64,50,800,0.00000000,1.00000000,0.23702853,1.00000000,1750,0.855372,0.144628,45.95
372,50,0.700,1.6,3.00,50,64,50,800,0.00000000,1.00000000,0.25708108,1.00000000,2672,0.779174,0.220826,46.06
373,50,0.700,1.6,4.00,20,64,50,800,0.00000000,1.00000000,0.33253914,1.00000000,1164,0.903802,0.096198,46.23
374,50,0.700,1.6,4.00,30,64,50,800,0.00000000,1.00000000,0.30029997,1.00000000,1752,0.855207,0.144793,46.39
375,50,0.700,1.6,4.00,50,64,50,800,0.00000000,1.00000000,0.28969566,1.00000000,2654,0.780661,0.219339,46.02
376,50,0.700,1.6,5.00,20,64,50,800,0.00000000,1.00000000,0.28099085,1.00000000,1162,0.903967,0.096033,45.92
377,50,0.700,1.6,5.00,30,64,50,800,0.00000000,1.00000000,0.30612936,1.00000000,1750,0.855372,0.144628,45.43
378,50,0.700,1.6,5.00,50,64,50,800,0.00000000,1.00000000,0.28885956,1.00000000,2660,0.780165,0.219835,45.70
379,50,0.700,2.0,1.50,20,64,50,800,0.00000000,1.00000000,0.31182083,1.00000000,1164,0.903802,0.096198,45.64
380,50,0.700,2.0,1.50,30,64,50,800,0.00000000,1.00000000,0.29343522,1.00000000,1750,0.855372,0.144628,46.13
381,50,0.700,2.0,1.50,50,64,50,800,0.00000000,1.00000000,0.28621258,1.00000000,2658,0.780331,0.219669,45.96
382,50,0.700,2.0,2.00,20,64,50,800,0.00000000,1.00000000,0.23453094,1.00000000,1166,0.903636,0.096364,46.21
383,50,0.700,2.0,2.00,30,64,50,800,0.00000000,1.00000000,0.36796531,1.00000000,1752,0.855207,0.144793,46.17
384,50,0.700,2.0,2.00,50,64,50,800,0.00000000,1.00000000,0.27641317,1.00000000,2658,0.780331,0.219669,45.52
385,50,0.700,2.0,2.50,20,64,50,800,0.00000000,1.00000000,0.32719083,1.00000000,1166,0.903636,0.096364,45.78
386,50,0.700,2.0,2.50,30,64,50,800,0.00000000,1.00000000,0.29276204,1.00000000,1752,0.855207,0.144793,45.42
387,50,0.700,2.0,2.50,50,64,50,800,0.00000000,1.00000000,0.27125586,1.00000000,2652,0.780826,0.219174,46.08
388,50,0.700,2.0,3.00,20,64,50,800,0.00000000,1.00000000,0.26847020,1.00000000,1166,0.903636,0.096364,46.24
389,50,0.700,2.0,3.00,30,64,50,800,0.00000000,1.00000000,0.20724479,1.00000000,1754,0.855041,0.144959,46.05
390,50,0.700,2.0,3.00,50,64,50,800,0.00000000,1.00000000,0.26811770,1.00000000,2664,0.779835,0.220165,46.02
391,50,0.700,2.0,4.00,20,64,50,800,0.00000000,1.00000000,0.28441757,1.00000000,1166,0.903636,0.096364,45.55
392,50,0.700,2.0,4.00,30,64,50,800,0.00000000,1.00000000,0.25190015,1.00000000,1756,0.854876,0.145124,46.20
393,50,0.700,2.0,4.00,50,64,50,800,0.00000000,1.00000000,0.29244141,1.00000000,2652,0.780826,0.219174,45.88
394,50,0.700,2.0,5.00,20,64,50,800,0.00000000,1.00000000,0.25528907,1.00000000,1166,0.903636,0.096364,46.11
395,50,0.700,2.0,5.00,30,64,50,800,0.00000000,1.00000000,0.30507779,1.00000000,1752,0.855207,0.144793,45.68
396,50,0.700,2.0,5.00,50,64,50,800,0.00000000,1.00000000,0.35456061,1.00000000,2654,0.780661,0.219339,43.86
397,50,0.700,2.5,1.50,20,64,50,800,0.00000000,1.00000000,0.29049291,1.00000000,1170,0.903306,0.096694,46.38
398,50,0.700,2.5,1.50,30,64,50,800,0.00000000,1.00000000,0.35544051,1.00000000,1754,0.855041,0.144959,44.28
399,50,0.700,2.5,1.50,50,64,50,800,0.00000000,1.00000000,0.22209308,1.00000000,2652,0.780826,0.219174,44.12
400,50,0.700,2.5,2.00,20,64,50,800,0.00000000,1.00000000,0.27803562,1.00000000,1158,0.904298,0.095702,46.22
401,50,0.700,2.5,2.00,30,64,50,800,0.00000000,1.00000000,0.30067477,1.00000000,1754,0.855041,0.144959,46.05
402,50,0.700,2.5,2.00,50,64,50,800,0.00000000,1.00000000,0.26091413,1.00000000,2648,0.781157,0.218843,45.53
403,50,0.700,2.5,2.50,20,64,45,800,0.00000000,1.00000000,0.19010310,1.00000000,1160,0.904132,0.095868,45.74
404,50,0.700,2.5,2.50,30,64,50,800,0.00000000,1.00000000,0.22583181,1.00000000,1754,0.855041,0.144959,46.26
405,50,0.700,2.5,2.50,50,64,50,800,0.00000000,1.00000000,0.15803050,1.00000000,2658,0.780331,0.219669,46.00
406,50,0.700,2.5,3.00,20,64,50,800,0.00000000,1.00000000,0.23422151,1.00000000,1164,0.903802,0.096198,45.97
407,50,0.700,2.5,3.00,30,64,50,800,0.00000000,1.00000000,0.28426252,1.00000000,1750,0.855372,0.144628,45.89
408,50,0.700,2.5,3.00,50,64,50,800,0.00000000,1.00000000,0.32040603,1.00000000,2652,0.780826,0.219174,47.69
409,50,0.700,2.5,4.00,20,64,50,800,0.00000000,1.00000000,0.26379012,1.00000000,1166,0.903636,0.096364,45.70
410,50,0.700,2.5,4.00,30,64,32,800,0.00000000,1.00000000,0.25373734,1.00000000,1754,0.855041,0.144959,47.75
411,50,0.700,2.5,4.00,50,64,50,800,0.00000000,1.00000000,0.20787787,1.00000000,2676,0.778843,0.221157,46.37
412,50,0.700,2.5,5.00,20,64,50,800,0.00000000,1.00000000,0.36048385,1.00000000,1170,0.903306,0.096694,46.55
413,50,0.700,2.5,5.00,30,64,50,800,0.00000000,1.00000000,0.28316283,1.00000000,1752,0.855207,0.144793,45.69
414,50,0.700,2.5,5.00,50,64,50,800,0.00000000,1.00000000,0.24898312,1.00000000,2662,0.780000,0.220000,46.12
415,50,0.700,3.0,1.50,20,64,14,800,0.00000000,1.00000000,0.34716752,1.00000000,1146,0.905289,0.094711,45.53
416,50,0.700,3.0,1.50,30,64,19,800,0.00000000,1.00000000,0.30139488,1.00000000,1734,0.856694,0.143306,46.12
417,50,0.700,3.0,1.50,50,64,16,800,0.00000000,1.00000000,0.20186565,1.00000000,2578,0.786942,0.213058,46.24
418,50,0.700,3.0,2.00,20,64,13,800,0.00000000,1.00000000,0.25302825,1.00000000,1160,0.904132,0.095868,46.07
419,50,0.700,3.0,2.00,30,64,10,800,0.00000000,1.00000000,0.27667540,1.00000000,1754,0.855041,0.144959,45.79
420,50,0.700,3.0,2.00,50,64,17,800,0.00000000,1.00000000,0.25924361,1.00000000,2652,0.780826,0.219174,46.25
421,50,0.700,3.0,2.50,20,64,11,800,0.00000000,1.00000000,0.31291214,1.00000000,1164,0.903802,0.096198,45.09
422,50,0.700,3.0,2.50,30,64,9,800,0.00000000,1.00000000,0.28345088,1.00000000,1746,0.855702,0.144298,46.37
423,50,0.700,3.0,2.50,50,64,39,800,0.00000000,1.00000000,0.28802459,1.00000000,2646,0.781322,0.218678,45.89
424,50,0.700,3.0,3.00,20,64,24,800,0.00000000,1.00000000,0.29361681,1.00000000,1164,0.903802,0.096198,46.47
425,50,0.700,3.0,3.00,30,64,13,800,0.00000000,1.00000000,0.31692525,1.00000000,1748,0.855537,0.144463,45.97
426,50,0.700,3.0,3.00,50,64,20,800,0.00000000,1.00000000,0.32288610,1.00000000,2644,0.781488,0.218512,46.11
427,50,0.700,3.0,4.00,20,64,5,800,0.00000000,1.00000000,0.18697950,1.00000000,1164,0.903802,0.096198,45.56
428,50,0.700,3.0,4.00,30,64,4,800,0.00000000,1.00000000,0.27516850,1.00000000,1750,0.855372,0.144628,46.54
429,50,0.700,3.0,4.00,50,64,9,800,0.00000000,1.00000000,0.32019063,1.00000000,2652,0.780826,0.219174,46.96
430,50,0.700,3.0,5.00,20,64,7,800,0.00000000,1.00000000,0.34386858,1.00000000,1166,0.903636,0.096364,45.78
431,50,0.700,3.0,5.00,30,64,14,800,0.00000000,1.00000000,0.19594498,1.00000000,1754,0.855041,0.144959,43.47
432,50,0.700,3.0,5.00,50,64,10,800,0.00000000,1.00000000,0.27893819,1.00000000,2664,0.779835,0.220165,47.72
433,100,0.500,1.6,1.50,20,148,100,800,0.00000000,1.00000000,0.28974356,1.00000000,2306,0.949646,0.050354,85.06
434,100,0.500,1.6,1.50,30,148,100,800,0.00000000,1.00000000,0.23432572,1.00000000,3520,0.923137,0.076863,85.37
435,100,0.500,1.6,1.50,50,148,100,800,0.00000000,1.00000000,0.27228903,1.00000000,5460,0.880776,0.119224,83.65
436,100,0.500,1.6,2.00,20,148,100,800,0.00000000,1.00000000,0.34634719,1.00000000,2306,0.949646,0.050354,85.25
437,100,0.500,1.6,2.00,30,148,100,800,0.00000000,1.00000000,0.26526435,1.00000000,3520,0.923137,0.076863,86.52
438,100,0.500,1.6,2.00,50,148,100,800,0.00000000,1.00000000,0.29734817,1.00000000,5464,0.880688,0.119312,85.55
439,100,0.500,1.6,2.50,20,148,100,800,0.00000000,1.00000000,0.34320723,1.00000000,2304,0.949690,0.050310,85.55
440,100,0.500,1.6,2.50,30,148,100,800,0.00000000,1.00000000,0.29016795,1.00000000,3518,0.923181,0.076819,87.31
441,100,0.500,1.6,2.50,50,148,100,800,0.00000000,1.00000000,0.29529580,1.00000000,5456,0.880863,0.119137,85.71
442,100,0.500,1.6,3.00,20,148,100,800,0.00000000,1.00000000,0.37436143,1.00000000,2306,0.949646,0.050354,85.59
443,100,0.500,1.6,3.00,30,148,100,800,0.00000000,1.00000000,0.32638570,1.00000000,3524,0.923050,0.076950,84.78
444,100,0.500,1.6,3.00,50,148,100,800,0.00000000,1.00000000,0.30523493,1.00000000,5454,0.880907,0.119093,85.57
445,100,0.500,1.6,4.00,20,148,100,800,0.00000000,1.00000000,0.35772354,1.00000000,2308,0.949603,0.050397,85.64
446,100,0.500,1.6,4.00,30,148,100,800,0.00000000,1.00000000,0.17496746,1.00000000,3518,0.923181,0.076819,87.35
447,100,0.500,1.6,4.00,50,148,100,800,0.00000000,1.00000000,0.25861287,1.00000000,5466,0.880645,0.119355,85.41
448,100,0.500,1.6,5.00,20,148,100,800,0.00000000,1.00000000,0.25651210,1.00000000,2312,0.949515,0.050485,87.67
449,100,0.500,1.6,5.00,30,148,100,800,0.00000000,1.00000000,0.27987192,1.00000000,3520,0.923137,0.076863,85.89
450,100,0.500,1.6,5.00,50,148,100,800,0.00000000,1.00000000,0.38256598,1.00000000,5470,0.880557,0.119443,85.61
451,100,0.500,2.0,1.50,20,148,100,800,0.00000000,1.00000000,0.31556287,1.00000000,2304,0.949690,0.050310,85.89
452,100,0.500,2.0,1.50,30,148,100,800,0.00000000,1.00000000,0.30671573,1.00000000,3524,0.923050,0.076950,88.59
453,100,0.500,2.0,1.50,50,148,100,800,0.00000000,1.00000000,0.33451866,1.00000000,5470,0.880557,0.119443,87.54
454,100,0.500,2.0,2.00,20,148,100,800,0.00000000,1.00000000,0.24458163,1.00000000,2304,0.949690,0.050310,85.55
455,100,0.500,2.0,2.00,30,148,100,800,0.00000000,1.00000000,0.25257186,1.00000000,3522,0.923094,0.076906,85.39
456,100,0.500,2.0,2.00,50,148,100,800,0.00000000,1.00000000,0.29939047,1.00000000,5464,0.880688,0.119312,86.08
457,100,0.500,2.0,2.50,20,148,100,800,0.00000000,1.00000000,0.27791890,1.00000000,2304,0.949690,0.050310,86.19
458,100,0.500,2.0,2.50,30,148,100,800,0.00000000,1.00000000,0.20258186,1.00000000,3526,0.923006,0.076994,85.39
459,100,0.500,2.0,2.50,50,148,100,800,0.00000000,1.00000000,0.31575336,1.00000000,5468,0.880601,0.119399,86.77
460,100,0.500,2.0,3.00,20,148,100,800,0.00000000,1.00000000,0.34323272,1.00000000,2306,0.949646,0.050354,86.37
461,100,0.500,2.0,3.00,30,148,100,800,0.00000000,1.00000000,0.18605606,1.00000000,3518,0.923181,0.076819,86.30
462,100,0.500,2.0,3.00,50,148,100,800,0.00000000,1.00000000,0.22504174,1.00000000,5466,0.880645,0.119355,86.03
463,100,0.500,2.0,4.00,20,148,100,800,0.00000000,1.00000000,0.41807983,1.00000000,2304,0.949690,0.050310,85.68
464,100,0.500,2.0,4.00,30,148,100,800,0.00000000,1.00000000,0.24185413,1.00000000,3518,0.923181,0.076819,85.74
465,100,0.500,2.0,4.00,50,148,100,800,0.00000000,1.00000000,0.24970412,1.00000000,5470,0.880557,0.119443,86.95
466,100,0.500,2.0,5.00,20,148,100,800,0.00000000,1.00000000,0.31992194,1.00000000,2306,0.949646,0.050354,86.69
467,100,0.500,2.0,5.00,30,148,100,800,0.00000000,1.00000000,0.36377043,1.00000000,3524,0.923050,0.076950,88.18
468,100,0.500,2.0,5.00,50,148,100,800,0.00000000,1.00000000,0.28381342,1.00000000,5482,0.880295,0.119705,87.05
469,100,0.500,2.5,1.50,20,148,100,800,0.00000000,1.00000000,0.26452860,1.00000000,2306,0.949646,0.050354,86.77
470,100,0.500,2.5,1.50,30,148,100,800,0.00000000,1.00000000,0.25102420,1.00000000,3522,0.923094,0.076906,86.26
471,100,0.500,2.5,1.50,50,148,88,800,0.00000000,1.00000000,0.18716260,1.00000000,5460,0.880776,0.119224,87.14
472,100,0.500,2.5,2.00,20,148,100,800,0.00000000,1.00000000,0.21789487,1.00000000,2308,0.949603,0.050397,86.52
473,100,0.500,2.5,2.00,30,148,100,800,0.00000000,1.00000000,0.24168256,1.00000000,3522,0.923094,0.076906,87.28
474,100,0.500,2.5,2.00,50,148,100,800,0.00000000,1.00000000,0.14174400,1.00000000,5460,0.880776,0.119224,86.23
475,100,0.500,2.5,2.50,20,148,100,800,0.00000000,1.00000000,0.29219304,1.00000000,2302,0.949734,0.050266,86.82
476,100,0.500,2.5,2.50,30,148,100,800,0.00000000,1.00000000,0.22261953,1.00000000,3520,0.923137,0.076863,85.82
477,100,0.500,2.5,2.50,50,148,100,800,0.00000000,1.00000000,0.32693339,1.00000000,5460,0.880776,0.119224,87.02
478,100,0.500,2.5,3.00,20,148,100,800,0.00000000,1.00000000,0.22342978,1.00000000,2298,0.949821,0.050179,87.09
479,100,0.500,2.5,3.00,30,148,100,800,0.00000000,1.00000000,0.29933469,1.00000000,3528,0.922963,0.077037,87.25
480,100,0.500,2.5,3.00,50,148,100,800,0.00000000,1.00000000,0.27031610,1.00000000,5468,0.880601,0.119399,89.10
481,100,0.500,2.5,4.00,20,148,100,800,0.00000000,1.00000000,0.26869462,1.00000000,2304,0.949690,0.050310,86.87
482,100,0.500,2.5,4.00,30,148,100,800,0.00000000,1.00000000,0.29368618,1.00000000,3520,0.923137,0.076863,86.49
483,100,0.500,2.5,4.00,50,148,100,800,0.00000000,1.00000000,0.34557008,1.00000000,5460,0.880776,0.119224,87.09
484,100,0.500,2.5,5.00,20,148,100,800,0.00000000,1.00000000,0.30690565,1.00000000,2298,0.949821,0.050179,86.32
485,100,0.500,2.5,5.00,30,148,100,800,0.00000000,1.00000000,0.26542897,1.00000000,3518,0.923181,0.076819,86.92
486,100,0.500,2.5,5.00,50,148,100,800,0.00000000,1.00000000,0.27487050,1.00000000,5462,0.880732,0.119268,85.31
487,100,0.500,3.0,1.50,20,148,52,800,0.00000000,1.00000000,0.38409881,1.00000000,2308,0.949603,0.050397,87.43
488,100,0.500,3.0,1.50,30,148,14,800,0.00000000,1.00000000,0.25653719,1.00000000,3346,0.926937,0.073063,88.60
489,100,0.500,3.0,1.50,50,148,19,800,0.00000000,1.00000000,0.32640634,1.00000000,5362,0.882916,0.117084,87.03
490,100,0.500,3.0,2.00,20,148,13,800,0.00000000,1.00000000,0.27630385,1.00000000,2308,0.949603,0.050397,81.56
491,100,0.500,3.0,2.00,30,148,8,800,0.00000000,1.00000000,0.23293674,1.00000000,3518,0.923181,0.076819,89.22
492,100,0.500,3.0,2.00,50,148,25,800,0.00000000,1.00000000,0.25348103,1.00000000,5468,0.880601,0.119399,88.59
493,100,0.500,3.0,2.50,20,148,24,800,0.00000000,1.00000000,0.29242617,1.00000000,2304,0.949690,0.050310,86.42
494,100,0.500,3.0,2.50,30,148,22,800,0.00000000,1.00000000,0.26520009,1.00000000,3524,0.923050,0.076950,87.12
495,100,0.500,3.0,2.50,50,148,28,800,0.00000000,1.00000000,0.23227041,1.00000000,5468,0.880601,0.119399,86.62
496,100,0.500,3.0,3.00,20,148,19,800,0.00000000,1.00000000,0.26806961,1.00000000,2300,0.949777,0.050223,86.40
497,100,0.500,3.0,3.00,30,148,41,800,0.00000000,1.00000000,0.23017886,1.00000000,3522,0.923094,0.076906,85.91
498,100,0.500,3.0,3.00,50,148,17,800,0.00000000,1.00000000,0.26861973,1.00000000,5462,0.880732,0.119268,86.83
499,100,0.500,3.0,4.00,20,148,12,800,0.00000000,1.00000000,0.27654080,1.00000000,2308,0.949603,0.050397,89.12
500,100,0.500,3.0,4.00,30,148,45,800,0.00000000,1.00000000,0.30097004,1.00000000,3528,0.922963,0.077037,87.86
501,100,0.500,3.0,4.00,50,148,24,800,0.00000000,1.00000000,0.31433025,1.00000000,5466,0.880645,0.119355,86.37
502,100,0.500,3.0,5.00,20,148,19,800,0.00000000,1.00000000,0.24540382,1.00000000,2308,0.949603,0.050397,86.16
503,100,0.500,3.0,5.00,30,148,24,800,0.00000000,1.00000000,0.36293996,1.00000000,3522,0.923094,0.076906,86.28
504,100,0.500,3.0,5.00,50,148,19,800,0.00000000,1.00000000,0.35124364,1.00000000,5466,0.880645,0.119355,86.33
505,100,0.600,1.6,1.50,20,103,100,800,0.00000000,1.00000000,0.30090583,1.00000000,1585,0.928607,0.071393,60.37
506,100,0.600,1.6,1.50,30,103,100,800,0.00000000,1.00000000,0.27598224,1.00000000,2415,0.891221,0.108779,62.18
507,100,0.600,1.6,1.50,50,103,100,800,0.00000000,1.00000000,0.26944222,1.00000000,3707,0.833026,0.166974,62.87
508,100,0.600,1.6,2.00,20,103,100,800,0.00000000,1.00000000,0.32746479,1.00000000,1591,0.928337,0.071663,61.34
509,100,0.600,1.6,2.00,30,103,100,800,0.00000000,1.00000000,0.34356333,1.00000000,2415,0.891221,0.108779,62.10
510,100,0.600,1.6,2.00,50,103,100,800,0.00000000,1.00000000,0.29604883,1.00000000,3715,0.832665,0.167335,62.60
511,100,0.600,1.6,2.50,20,103,100,800,0.00000000,1.00000000,0.17142525,1.00000000,1589,0.928427,0.071573,61.00
512,100,0.600,1.6,2.50,30,103,100,800,0.00000000,1.00000000,0.30736452,1.00000000,2421,0.890951,0.109049,60.78
513,100,0.600,1.6,2.50,50,103,100,800,0.00000000,1.00000000,0.33300096,1.00000000,3707,0.833026,0.166974,63.07
514,100,0.600,1.6,3.00,20,103,100,800,0.00000000,1.00000000,0.29988300,1.00000000,1587,0.928517,0.071483,60.93
515,100,0.600,1.6,3.00,30,103,100,800,0.00000000,1.00000000,0.31508646,1.00000000,2413,0.891311,0.108689,61.34
516,100,0.600,1.6,3.00,50,103,100,800,0.00000000,1.00000000,0.32183220,1.00000000,3717,0.832575,0.167425,62.22
517,100,0.600,1.6,4.00,20,103,100,800,0.00000000,1.00000000,0.36008205,1.00000000,1591,0.928337,0.071663,60.44
518,100,0.600,1.6,4.00,30,103,100,800,0.00000000,1.00000000,0.30449068,1.00000000,2417,0.891131,0.108869,60.11
519,100,0.600,1.6,4.00,50,103,100,800,0.00000000,1.00000000,0.22211012,1.00000000,3701,0.833296,0.166704,62.40
520,100,0.600,1.6,5.00,20,103,100,800,0.00000000,1.00000000,0.24722897,1.00000000,1583,0.928697,0.071303,60.23
521,100,0.600,1.6,5.00,30,103,100,800,0.00000000,1.00000000,0.19493588,1.00000000,2413,0.891311,0.108689,61.52
522,100,0.600,1.6,5.00,50,103,100,800,0.00000000,1.00000000,0.31997316,1.00000000,3711,0.832845,0.167155,61.82
523,100,0.600,2.0,1.50,20,103,100,800,0.00000000,1.00000000,0.26499802,1.00000000,1589,0.928427,0.071573,61.67
524,100,0.600,2.0,1.50,30,103,100,800,0.00000000,1.00000000,0.25463874,1.00000000,2415,0.891221,0.108779,63.41
525,100,0.600,2.0,1.50,50,103,100,800,0.00000000,1.00000000,0.27481242,1.00000000,3713,0.832755,0.167245,61.36
526,100,0.600,2.0,2.00,20,103,100,800,0.00000000,1.00000000,0.29940417,1.00000000,1593,0.928246,0.071754,62.49
527,100,0.600,2.0,2.00,30,103,100,800,0.00000000,1.00000000,0.28670618,1.00000000,2415,0.891221,0.108779,60.81
528,100,0.600,2.0,2.00,50,103,100,800,0.00000000,1.00000000,0.37517140,1.00000000,3709,0.832935,0.167065,60.46
529,100,0.600,2.0,2.50,20,103,100,800,0.00000000,1.00000000,0.29399951,1.00000000,1591,0.928337,0.071663,62.77
530,100,0.600,2.0,2.50,30,103,100,800,0.00000000,1.00000000,0.31183889,1.00000000,2419,0.891041,0.108959,61.43
531,100,0.600,2.0,2.50,50,103,100,800,0.00000000,1.00000000,0.22608658,1.00000000,3705,0.833116,0.166884,60.87
532,100,0.600,2.0,3.00,20,103,100,800,0.00000000,1.00000000,0.26832720,1.00000000,1593,0.928246,0.071754,62.87
533,100,0.600,2.0,3.00,30,103,100,800,0.00000000,1.00000000,0.25092730,1.00000000,2417,0.891131,0.108869,60.90
534,100,0.600,2.0,3.00,50,103,100,800,0.00000000,1.00000000,0.27411007,1.00000000,3723,0.832305,0.167695,61.90
535,100,0.600,2.0,4.00,20,103,100,800,0.00000000,1.00000000,0.31783131,1.00000000,1589,0.928427,0.071573,62.89
536,100,0.600,2.0,4.00,30,103,100,800,0.00000000,1.00000000,0.18768296,1.00000000,2413,0.891311,0.108689,62.89
537,100,0.600,2.0,4.00,50,103,100,800,0.00000000,1.00000000,0.26022819,1.00000000,3713,0.832755,0.167245,61.05
538,100,0.600,2.0,5.00,20,103,100,800,0.00000000,1.00000000,0.38282658,1.00000000,1591,0.928337,0.071663,62.08
539,100,0.600,2.0,5.00,30,103,100,800,0.00000000,1.00000000,0.27977453,1.00000000,2415,0.891221,0.108779,64.02
540,100,0.600,2.0,5.00,50,103,100,800,0.00000000,1.00000000,0.30339401,1.00000000,3715,0.832665,0.167335,61.07
541,100,0.600,2.5,1.50,20,103,94,800,0.00000000,1.00000000,0.29456225,1.00000000,1595,0.928156,0.071844,61.44
542,100,0.600,2.5,1.50,30,103,85,800,0.00000000,1.00000000,0.27094492,1.00000000,2417,0.891131,0.108869,63.98
543,100,0.600,2.5,1.50,50,103,100,800,0.00000000,1.00000000,0.36579601,1.00000000,3709,0.832935,0.167065,62.68
544,100,0.600,2.5,2.00,20,103,100,800,0.00000000,1.00000000,0.33606578,1.00000000,1589,0.928427,0.071573,61.06
545,100,0.600,2.5,2.00,30,103,100,800,0.00000000,1.00000000,0.21253691,1.00000000,2413,0.891311,0.108689,60.58
546,100,0.600,2.5,2.00,50,103,95,800,0.00000000,1.00000000,0.23399289,1.00000000,3719,0.832485,0.167515,62.38
547,100,0.600,2.5,2.50,20,103,100,800,0.00000000,1.00000000,0.29277965,1.00000000,1587,0.928517,0.071483,62.08
548,100,0.600,2.5,2.50,30,103,87,800,0.00000000,1.00000000,0.30072590,1.00000000,2417,0.891131,0.108869,61.08
549,100,0.600,2.5,2.50,50,103,80,800,0.00000000,1.00000000,0.26313431,1.00000000,3713,0.832755,0.167245,62.59
550,100,0.600,2.5,3.00,20,103,100,800,0.00000000,1.00000000,0.21695018,1.00000000,1587,0.928517,0.071483,61.04
551,100,0.600,2.5,3.00,30,103,78,800,0.00000000,1.00000000,0.27581021,1.00000000,2417,0.891131,0.108869,60.63
552,100,0.600,2.5,3.00,50,103,61,800,0.00000000,1.00000000,0.31406009,1.00000000,3707,0.833026,0.166974,62.55
553,100,0.600,2.5,4.00,20,103,100,800,0.00000000,1.00000000,0.32049550,1.00000000,1589,0.928427,0.071573,63.40
554,100,0.600,2.5,4.00,30,103,97,800,0.00000000,1.00000000,0.31413234,1.00000000,2423,0.890861,0.109139,60.79
555,100,0.600,2.5,4.00,50,103,100,800,0.00000000,1.00000000,0.25426489,1.00000000,3713,0.832755,0.167245,64.19
556,100,0.600,2.5,5.00,20,103,87,800,0.00000000,1.00000000,0.34530484,1.00000000,1591,0.928337,0.071663,62.53
557,100,0.600,2.5,5.00,30,103,89,800,0.00000000,1.00000000,0.20562170,1.00000000,2409,0.891491,0.108509,55.46
558,100,0.600,2.5,5.00,50,103,83,800,0.00000000,1.00000000,0.22546050,1.00000000,3707,0.833026,0.166974,61.21
559,100,0.600,3.0,1.50,20,103,5,800,0.00000000,1.00000000,0.20023753,1.00000000,2789,0.874375,0.125625,62.09
560,100,0.600,3.0,1.50,30,103,12,800,0.00000000,1.00000000,0.25108793,1.00000000,2285,0.897077,0.102923,60.62
561,100,0.600,3.0,1.50,50,103,7,800,0.00000000,1.00000000,0.28394941,1.00000000,3245,0.853835,0.146165,60.65
562,100,0.600,3.0,2.00,20,103,11,800,0.00000000,1.00000000,0.33512760,1.00000000,1589,0.928427,0.071573,62.38
563,100,0.600,3.0,2.00,30,103,26,800,0.00000000,1.00000000,0.31177406,1.00000000,2415,0.891221,0.108779,61.38
564,100,0.600,3.0,2.00,50,103,22,800,0.00000000,1.00000000,0.30531616,1.00000000,3723,0.832305,0.167695,61.05
565,100,0.600,3.0,2.50,20,103,12,800,0.00000000,1.00000000,0.20279362,1.00000000,1595,0.928156,0.071844,61.14
566,100,0.600,3.0,2.50,30,103,6,800,0.00000000,1.00000000,0.24394196,1.00000000,2415,0.891221,0.108779,62.44
567,100,0.600,3.0,2.50,50,103,15,800,0.00000000,1.00000000,0.20692784,1.00000000,3709,0.832935,0.167065,61.15
568,100,0.600,3.0,3.00,20,103,26,800,0.00000000,1.00000000,0.34043649,1.00000000,1589,0.928427,0.071573,60.75
569,100,0.600,3.0,3.00,30,103,10,800,0.00000000,1.00000000,0.26548600,1.00000000,2413,0.891311,0.108689,62.46
570,100,0.600,3.0,3.00,50,103,17,800,0.00000000,1.00000000,0.27162156,1.00000000,3723,0.832305,0.167695,63.14
571,100,0.600,3.0,4.00,20,103,28,800,0.00000000,1.00000000,0.20365480,1.00000000,1589,0.928427,0.071573,62.49
572,100,0.600,3.0,4.00,30,103,13,800,0.00000000,1.00000000,0.26503815,1.00000000,2407,0.891581,0.108419,62.10
573,100,0.600,3.0,4.00,50,103,15,800,0.00000000,1.00000000,0.25505797,1.00000000,3723,0.832305,0.167695,59.51
574,100,0.600,3.0,5.00,20,103,13,800,0.00000000,1.00000000,0.31689549,1.00000000,1587,0.928517,0.071483,61.48
575,100,0.600,3.0,5.00,30,103,19,800,0.00000000,1.00000000,0.30152071,1.00000000,2413,0.891311,0.108689,61.36
576,100,0.600,3.0,5.00,50,103,22,800,0.00000000,1.00000000,0.29776934,1.00000000,3701,0.833296,0.166704,62.08
577,100,0.700,1.6,1.50,20,76,100,800,0.00000000,1.00000000,0.31028386,1.00000000,1164,0.903802,0.096198,45.24
578,100,0.700,1.6,1.50,30,76,100,800,0.00000000,1.00000000,0.22739529,1.00000000,1754,0.855041,0.144959,46.98
579,100,0.700,1.6,1.50,50,76,100,800,0.00000000,1.00000000,0.20746231,1.00000000,2652,0.780826,0.219174,46.97
580,100,0.700,1.6,2.00,20,76,100,800,0.00000000,1.00000000,0.31120695,1.00000000,1164,0.903802,0.096198,47.18
581,100,0.700,1.6,2.00,30,76,100,800,0.00000000,1.00000000,0.13968228,1.00000000,1752,0.855207,0.144793,45.90
582,100,0.700,1.6,2.00,50,76,100,800,0.00000000,1.00000000,0.25889780,1.00000000,2656,0.780496,0.219504,47.21
583,100,0.700,1.6,2.50,20,76,100,800,0.00000000,1.00000000,0.25155337,1.00000000,1160,0.904132,0.095868,46.02
584,100,0.700,1.6,2.50,30,76,100,800,0.00000000,1.00000000,0.32202974,1.00000000,1750,0.855372,0.144628,46.97
585,100,0.700,1.6,2.50,50,76,100,800,0.00000000,1.00000000,0.31415448,1.00000000,2652,0.780826,0.219174,45.94
586,100,0.700,1.6,3.00,20,76,100,800,0.00000000,1.00000000,0.34452598,1.00000000,1168,0.903471,0.096529,46.20
587,100,0.700,1.6,3.00,30,76,100,800,0.00000000,1.00000000,0.25208283,1.00000000,1750,0.855372,0.144628,46.42
588,100,0.700,1.6,3.00,50,76,100,800,0.00000000,1.00000000,0.10976712,1.00000000,2660,0.780165,0.219835,43.80
589,100,0.700,1.6,4.00,20,76,100,800,0.00000000,1.00000000,0.28630030,1.00000000,1164,0.903802,0.096198,48.33
590,100,0.700,1.6,4.00,30,76,100,800,0.00000000,1.00000000,0.25666506,1.00000000,1754,0.855041,0.144959,46.08
591,100,0.700,1.6,4.00,50,76,100,800,0.00000000,1.00000000,0.34622245,1.00000000,2664,0.779835,0.220165,47.14
592,100,0.700,1.6,5.00,20,76,100,800,0.00000000,1.00000000,0.37578901,1.00000000,1166,0.903636,0.096364,45.54
593,100,0.700,1.6,5.00,30,76,100,800,0.00000000,1.00000000,0.34028165,1.00000000,1758,0.854711,0.145289,47.45
594,100,0.700,1.6,5.00,50,76,100,800,0.00000000,1.00000000,0.30197004,1.00000000,2650,0.780992,0.219008,45.97
595,100,0.700,2.0,1.50,20,76,100,800,0.00000000,1.00000000,0.30012548,1.00000000,1172,0.903140,0.096860,47.00
596,100,0.700,2.0,1.50,30,76,100,800,0.00000000,1.00000000,0.30444052,1.00000000,1750,0.855372,0.144628,45.46
597,100,0.700,2.0,1.50,50,76,100,800,0.00000000,1.00000000,0.28488447,1.00000000,2656,0.780496,0.219504,47.48
598,100,0.700,2.0,2.00,20,76,100,800,0.00000000,1.00000000,0.22343325,1.00000000,1166,0.903636,0.096364,46.26
599,100,0.700,2.0,2.00,30,76,100,800,0.00000000,1.00000000,0.23460045,1.00000000,1748,0.855537,0.144463,47.03
600,100,0.700,2.0,2.00,50,76,100,800,0.00000000,1.00000000,0.15338455,1.00000000,2660,0.780165,0.219835,45.24
601,100,0.700,2.0,2.50,20,76,100,800,0.00000000,1.00000000,0.23963606,1.00000000,1162,0.903967,0.096033,47.48
602,100,0.700,2.0,2.50,30,76,100,800,0.00000000,1.00000000,0.26803528,1.00000000,1760,0.854545,0.145455,48.65
603,100,0.700,2.0,2.50,50,76,100,800,0.00000000,1.00000000,0.30685530,1.00000000,2662,0.780000,0.220000,46.81
604,100,0.700,2.0,3.00,20,76,100,800,0.00000000,1.00000000,0.32915419,1.00000000,1164,0.903802,0.096198,47.00
605,100,0.700,2.0,3.00,30,76,100,800,0.00000000,1.00000000,0.31088897,1.00000000,1754,0.855041,0.144959,45.22
606,100,0.700,2.0,3.00,50,76,100,800,0.00000000,1.00000000,0.22249109,1.00000000,2654,0.780661,0.219339,47.63
607,100,0.700,2.0,4.00,20,76,100,800,0.00000000,1.00000000,0.31200615,1.00000000,1162,0.903967,0.096033,47.00
608,100,0.700,2.0,4.00,30,76,100,800,0.00000000,1.00000000,0.21530623,1.00000000,1760,0.854545,0.145455,47.43
609,100,0.700,2.0,4.00,50,76,100,800,0.00000000,1.00000000,0.28965093,1.00000000,2654,0.780661,0.219339,46.90
610,100,0.700,2.0,5.00,20,76,100,800,0.00000000,1.00000000,0.24729464,1.00000000,1164,0.903802,0.096198,47.41
611,100,0.700,2.0,5.00,30,76,100,800,0.00000000,1.00000000,0.30918710,1.00000000,1756,0.854876,0.145124,45.57
612,100,0.700,2.0,5.00,50,76,100,800,0.00000000,1.00000000,0.31082085,1.00000000,2660,0.780165,0.219835,47.19
613,100,0.700,2.5,1.50,20,76,69,800,0.00000000,1.00000000,0.27872304,1.00000000,1166,0.903636,0.096364,46.24
614,100,0.700,2.5,1.50,30,76,98,800,0.00000000,1.00000000,0.24816112,1.00000000,1758,0.854711,0.145289,47.22
615,100,0.700,2.5,1.50,50,76,72,800,0.00000000,1.00000000,0.29455616,1.00000000,2662,0.780000,0.220000,45.67
616,100,0.700,2.5,2.00,20,76,94,800,0.00000000,1.00000000,0.39924740,1.00000000,1170,0.903306,0.096694,46.69
617,100,0.700,2.5,2.00,30,76,100,800,0.00000000,1.00000000,0.30403851,1.00000000,1752,0.855207,0.144793,48.14
618,100,0.700,2.5,2.00,50,76,100,800,0.00000000,1.00000000,0.22699130,1.00000000,2658,0.780331,0.219669,45.77
619,100,0.700,2.5,2.50,20,76,49,800,0.00000000,1.00000000,0.25454701,1.00000000,1166,0.903636,0.096364,46.87
620,100,0.700,2.5,2.50,30,76,95,800,0.00000000,1.00000000,0.34300245,1.00000000,1750,0.855372,0.144628,46.26
621,100,0.700,2.5,2.50,50,76,91,800,0.00000000,1.00000000,0.16022251,1.00000000,2668,0.779504,0.220496,47.42
622,100,0.700,2.5,3.00,20,76,100,800,0.00000000,1.00000000,0.33304035,1.00000000,1164,0.903802,0.096198,44.87
623,100,0.700,2.5,3.00,30,76,84,800,0.00000000,1.00000000,0.22832579,1.00000000,1750,0.855372,0.144628,47.21
624,100,0.700,2.5,3.00,50,76,100,800,0.00000000,1.00000000,0.27804654,1.00000000,2658,0.780331,0.219669,46.44
625,100,0.700,2.5,4.00,20,76,75,800,0.00000000,1.00000000,0.19236137,1.00000000,1160,0.904132,0.095868,47.01
626,100,0.700,2.5,4.00,30,76,69,800,0.00000000,1.00000000,0.28393734,1.00000000,1754,0.855041,0.144959,45.82
627,100,0.700,2.5,4.00,50,76,78,800,0.00000000,1.00000000,0.23675138,1.00000000,2660,0.780165,0.219835,47.35
628,100,0.700,2.5,5.00,20,76,58,800,0.00000000,1.00000000,0.33178967,1.00000000,1166,0.903636,0.096364,46.46
629,100,0.700,2.5,5.00,30,76,47,800,0.00000000,1.00000000,0.28065852,1.00000000,1752,0.855207,0.144793,46.90
630,100,0.700,2.5,5.00,50,76,85,800,0.00000000,1.00000000,0.24756756,1.00000000,2644,0.781488,0.218512,47.38
631,100,0.700,3.0,1.50,20,76,3,800,0.00000000,1.00000000,0.32552678,1.00000000,1840,0.847934,0.152066,46.19
632,100,0.700,3.0,1.50,30,76,19,800,0.00000000,1.00000000,0.25117838,1.00000000,1732,0.856860,0.143140,47.41
633,100,0.700,3.0,1.50,50,76,21,800,0.00000000,1.00000000,0.21528426,1.00000000,2614,0.783967,0.216033,45.27
634,100,0.700,3.0,2.00,20,76,8,800,0.00000000,1.00000000,0.34055086,1.00000000,1164,0.903802,0.096198,47.25
635,100,0.700,3.0,2.00,30,76,14,800,0.00000000,1.00000000,0.30995508,1.00000000,1748,0.855537,0.144463,46.28
636,100,0.700,3.0,2.00,50,76,11,800,0.00000000,1.00000000,0.25430033,1.00000000,2664,0.779835,0.220165,47.21
637,100,0.700,3.0,2.50,20,76,11,800,0.00000000,1.00000000,0.28513490,1.00000000,1168,0.903471,0.096529,45.26
638,100,0.700,3.0,2.50,30,76,9,800,0.00000000,1.00000000,0.32547024,1.00000000,1758,0.854711,0.145289,46.84
639,100,0.700,3.0,2.50,50,76,13,800,0.00000000,1.00000000,0.23537563,1.00000000,2660,0.780165,0.219835,47.15
640,100,0.700,3.0,3.00,20,76,9,800,0.00000000,1.00000000,0.25430395,1.00000000,1170,0.903306,0.096694,48.22
641,100,0.700,3.0,3.00,30,76,17,800,0.00000000,1.00000000,0.25920046,1.00000000,1752,0.855207,0.144793,45.43
642,100,0.700,3.0,3.00,50,76,8,800,0.00000000,1.00000000,0.30956465,1.00000000,2654,0.780661,0.219339,47.65
643,100,0.700,3.0,4.00,20,76,8,800,0.00000000,1.00000000,0.18591014,1.00000000,1164,0.903802,0.096198,47.28
644,100,0.700,3.0,4.00,30,76,12,800,0.00000000,1.00000000,0.18462430,1.00000000,1750,0.855372,0.144628,46.69
645,100,0.700,3.0,4.00,50,76,9,800,0.00000000,1.00000000,0.27566353,1.00000000,2674,0.779008,0.220992,45.85
646,100,0.700,3.0,5.00,20,76,16,800,0.00000000,1.00000000,0.27910365,1.00000000,1166,0.903636,0.096364,45.94
647,100,0.700,3.0,5.00,30,76,23,800,0.00000000,1.00000000,0.23993404,1.00000000,1754,0.855041,0.144959,47.03
648,100,0.700,3.0,5.00,50,76,11,800,0.00000000,1.00000000,0.23042021,1.00000000,2642,0.781653,0.218347,45.37
